question,RII2000,RII2001,RIII&RIV2002,RR2006,RR2007,RR2008,RR2009,RR2012,RR2014,RR2018,conflict
性別,a01/性別,A01/性別,,,,,,,,,
請問您最高的教育程度是什麼?,a03/請問您最高的教育程度是什麼?,A03/請問您最高的教育程度是什麼?,,,,,a03c/請問您最高的教育程度是什麼?,a03c/請問您最高的教育程度是什麼,a03c/請問您最高的教育程度是什麼?,a03a/請問您最高的教育程度是什麼?,V
請問您認為自己目前的健康狀況如何?,a04/請問您認為自己目前的健康狀況如何?,A04/請問您認為自己目前的健康狀況如何?,A02/請問您認為自己目前的健康狀況如何?,A04A/請問您認為自己目前的健康狀況如何?,a04a/請問您認為自己目前的健康狀況如何?,a04a/請問您認為自己目前的健康狀況如何?,a04a/請問您認為自己目前的健康狀況如何?,a04a/請問您認為自己目前的健康狀況如何,a04a/請問您認為自己目前的健康狀況如何?,a04a/請問您認為自己目前的健康狀況如何?,
請問您目前結婚了嗎?(若有兩次以上之婚姻經驗，以最近一次為準),a05z01/請問您目前結婚了嗎?(若有兩次以上之婚姻經驗，以最近一次為準),,,A22/請問你目前結婚了嗎?,a16/請問您目前結婚了嗎?,a16z01/請問您目前結婚了嗎?,a16z01/請問您目前結婚了嗎?,,,a17a/請問您目前結婚了嗎?,
請問您的(先生/太太)是在哪一年出生的?民國__年,a06/請問您的(先生/太太)是在哪一年出生的? 民國__年,C22/請問您的(先生/太太)是在哪一年出生的?民國__年,A15/請問您的(先生/太太)是在哪一年出生的?民國__年,,,,,,a26z01/請問您的(先生/太太)是在哪一年出生的?民國__年,,
請問您的(先生/太太)是在哪一年出生的? 民國__年,a06/請問您的(先生/太太)是在哪一年出生的? 民國__年,C22/請問您的(先生/太太)是在哪一年出生的?民國__年,A15/請問您的(先生/太太)是在哪一年出生的?民國__年,,,,,,,,V
請問您的(先生/太太/同居伴侶)是在哪一年出生的?民國__年,a06/請問您的(先生/太太)是在哪一年出生的? 民國__年,,,,,,,,,a28a01/請問您的(先生/太太/同居伴侶)是在哪一年出生的?民國__年,
請問您(先生/太太)的最高教育程度是什麼?,a08/請問您(先生/太太)的最高教育程度是什麼?,C24A/請問您(先生/太太)最高教育程度是什麼?,A17A/請問您(先生/太太)的最高教育程度是什麼?,,,,,,,,
請問您(先生/太太)目前的健康狀況如何？,a09/請問您(先生/太太)目前的健康狀況如何？,,A18/請問您(先生/太太)目前的健康狀況如何?,,,,,,,,
請問您什時候開始上小學?民國__年,b01/請問您什麼時候開始上小學?民國   年,B01/請問您什時候開始上小學?民國__年,,,,,,,,,
請問您上小學以前，在家裡主要都是說哪一種語言?,b02a/請問您上小學以前，在家裡主要都是說哪一種語言?,B02A/請問您上小學以前，在家裡主要都是說哪一種語言?,,,,,,,,,
那個時候，您的國語能力如何？如果0分代表完全不懂，10分代表很流利，您?{為上小學以前您的國語大約是幾分?__分,b02b/那個時候，您的國語能力如何？如果0分代表完全不懂，10分代表很流利，您?{為上小學以前您的國語大約是幾分?__分,B02B/您認為上小學以前您的國語大約是幾分?__分(0分代表完全不懂，10分代表很流利),,,,,,,,,
請問您唸完小學以後，接著做什麼呢?,b03/請問您唸完小學以後，接著做什麼呢?,B03/請問您唸完小學以後，接著做什麼呢?,,,,,,,,,
請問您什麼時候開始上初中/初職/國中?民國__年,b04a/請問您什麼時候開始上初中/初職/國中?民國__年,B05A/請問您什麼時候開始上高中/高職/五專?民國__年,,,,,,,,,V
請問您就讀的這間學校是公立還是私立?,b04c/請問您就讀的這間學校是公立還是私立?,B04C/請問您就讀的這間學校是公立還是私立?,,,,,,,,,
請問您什麼時候開始上高中/高職/五專?民國__年,b05a/請問您什麼時候開始上高中/高職/五專?民國__年,B04A/請問您什麼時候開始上初中/初職/國中?民國__年,,,,,,,,,V
請問您什麼時候開始上高中/高職/五專?民國__年,b05a/請問您什麼時候開始上高中/高職/五專?民國__年,B05A/請問您什麼時候開始上高中/高職/五專?民國__年,,,,,,,,,V
請問您什麼時候開始上高中/高職/五專?民國__年,b05a/請問您什麼時候開始上高中/高職/五專?民國__年,B05A/請問您什麼時候開始上高中/高職/五專?民國__年,,,,,,,,,V
請問在這個階段，您主要是唸什麼樣的學校?,b05b/請問在這個階段，您主要是唸什麼樣的學校?,B05B/請問在這個階段，您主要是唸什麼樣的學校?,,,,,,,,,
請問您就讀的學校是公立還是私立?,b05c/請問您就讀的學校是公立還是私立?,B05C/請問您就讀的學校是公立還是私立?,,,,,,,,,
請問在這個階段，您有沒有拿到正式的文憑?,b05d/請問在這個階段，您有沒有拿到正式的文憑?,B05D/請問在這個階段，您有沒有拿到正式的文憑?,,,,,,,,,
請問您是什麼時候畢業或肄業的?民國  _年,b05e/請問您是什麼時候畢業或肄業的?民國  _年,B05E/請問您是什麼時候畢業或肄業的?民國__年,,,,,,,,,
請問您在這個教育階段後，緊接下來做什麼呢?,b05f/請問您在這個教育階段後，緊接下來做什麼呢?,B05F/請問您在這個教育階段後，緊接下來做什麼呢?,,,,,,,,,
請問您什麼時候開始上二專/三專/技術學院/大學?民國  _年,b06a/請問您什麼時候開始上二專/三專/技術學院/大學?民國  _年,B06A/請問您什麼時候開始上二專/三專/技術學院/大學?民國__年,,,,,,,,,
請問在這個階段，您主要是唸什麼樣的學校?,b06b/請問在這個階段，您主要是唸什麼樣的學校?,B06B/請問在這個階段，您主要是唸什麼樣的學校?,,,,,,,,,
請問您就讀的學校是公立還是私立?,b06c/請問您就讀的學校是公立還是私立?,B06C/請問您就讀的學校是公立還是私立?,,,,,,,,,
請問在這個階段，您有沒有拿到正式的文憑?,b06d/請問在這個階段，您有沒有拿到正式的文憑?,B06D/請問在這個階段，您有沒有拿到正式的文憑?,,,,,,,,,
請問您是什麼時候畢業或肄業的?民國  _年,b06e/請問您是什麼時候畢業或肄業的?民國  _年,B06E/請問您是什麼時候畢業或肄業的?民國__年,,,,,,,,,
請問您什麼時候開始上研究所(碩士/博士)?民國  _年,b07a/請問您什麼時候開始上研究所(碩士/博士)?民國  _年,B07A/請問您什麼時候開始上研究所(碩士/博士)?民國__年,,,,,,,,,
請問在研究所階段，您有沒有拿到正式的文憑?,b07b/請問在研究所階段，您有沒有拿到正式的文憑?,B07B/請問在研究所階段，您有沒有拿到正式的文憑?,,,,,,,,,
請問您是什麼時候畢業或肄業的?民國 _ 年,b07c/請問您是什麼時候畢業或肄業的?民國 _ 年,B07C/請問您是什麼時候畢業或肄業的?民國__年,,,,,,,,,
請問您有沒有在軍中服役過?,b08a/請問您有沒有在軍中服役過?,B08A/請問您有沒有在軍中服役過?,,,,,,,,,
請問您民國幾年幾月入伍?入伍年,b08b01/請問您什麼時候在軍中服役?民國 _ 年入伍,,,,,,,,,a05c01/請問您民國幾年幾月入伍?入伍年,
民國__年入伍,b08b02/民國  _年退伍,B08B01/民國__年入伍,,,,,,,,,V
民國  _年退伍,b08b02/民國  _年退伍,B08B02/民國__年退伍,,,,,,,,,V
民國  _年退伍,b08b02/民國  _年退伍,,,,,,,,,a05c03/請問您民國幾年幾月退伍?退伍年,
請問您什麼時候開始第一次正式就業?民國_  年,b09/請問您什麼時候開始第一次正式就業?民國_  年,B09/請問您什麼時候開始第一次正式就業?民國__年,,,,,,,,,
請問您什麼時候結婚(指第一次婚姻)?民國 _ 年,b10/請問您什麼時候結婚(指第一次婚姻)?民國 _ 年,B10/請問您什麼時候結婚(指第一次婚姻)?民國__年,,,,,,,,,
請問您什麼時候有第一個小孩? 民國 _ 年,b11/請問您什麼時候有第一個小孩? 民國 _ 年,B11/請問您什麼時候有第一個小孩?民國__年,,,,,,,,,
請問您什麼時候第一次買自己的房子? 民國  _年,b12a/請問您什麼時候第一次買自己的房子? 民國  _年,B12A/請問您什麼時候第一次買自己的房子?民國__年,,,,,,,,,
請問到目前為止，您有沒有參加過任何職業訓練課程?,b13a/請問到目前為止，您有沒有參加過任何職業訓練課程?,B13A/請問到目前為止，您有沒有參加過任何職業訓練課程?,,,,,,,,,
請問您有沒有高(普)考合格證書?,b13b/請問您有沒有高(普)考合格證書?,B13B/請問您有沒有高(普)考或特考合格証書?,,,,,,,,,
請問您有沒有經由考試或通過正式檢定，而取得任何職業或技術執照?,b13c/請問您有沒有經由考試或通過正式檢定，而取得任何職業或技術執照?,B13C/請問您有沒有經由考試或通過正式檢定，而取得任何職業或技術執照?,,,,,,,,,
請問您曾經自己創業(當老闆)過嗎?,b14a/請問您曾經自己創業(當老闆)過嗎?,B14A/請問您曾經自己創業(當老闆)過嗎?,,,,,,,,,
如果有，那是什麼時候的事(指第一次創業)?民國__年,b14b/如果有，那是什麼時候的事(指第一次創業)?民國__年,B14B/如果有，那是什麼時候的事(指第一次創業)?民國__年,,,,,,,,,
當時是做那一種事業,b14c/當時是做那一種事業,B14C/當時是做哪一種事業?,,,,,,,,,
當時的創業資金主要來自何處?,b14d/當時的創業資金主要來自何處?,B14D/當時的創業資金主要來自何處?,,,,,,,,,
當時一共有幾名員工?__名,b14e/當時一共有幾名員工?__名,B14E/當時一共有幾名員工?__名,,,,,,,,,
這個事業目前還在進行嗎?,b14f/這個事業目前還在進行嗎?,B14F/這個事業目前還在進行嗎?,,,,,,,,,
如果該事業已經結束的話，請問那是什麼時候的事?民國_ 年,b14h/如果該事業已經結束的話，請問那是什麼時候的事?民國_ 年,B14H/如果該事業已經結束的話，請問那是什麼時候的事?民國__年,,,,,,,,,
請問您目前有沒有工作?,c01/請問您目前有沒有工作?,,,A07/請問您目前有工作嗎?,a05/請問您目前有工作嗎?,a05/請問您目前有工作嗎?,a05/請問您目前有工作嗎?,a05/請問您目前有工作嗎,a05/請問您目前有工作嗎?,a06a/請問您目前有工作嗎?,V
請問您是在為誰工作?,c03b/您是在為誰工作?,C03B/請問您是在為誰工作?,A05B/請問您是在為誰工作?,A11B/請問您是在為誰工作?,a08b/請問您是在為誰工作?,a08b/請問您是在為誰工作?,a08b/請問您是在為誰工作?,a08b/請問您是在為誰工作,a06/請問您是在為誰工作?,a07a/請問您是在為誰工作?,
您這份工作的公司約有多少位員工?,c04/您這份工作的公司約有多少位員工?,C04/您這份工作的公司約有多少位員工?,A05C/您這份工作的公司約有多少位員工?,A11C/您這份工作的公司約有多少位員工?,a08c/您這份工作的公司約有多少位員工?,a08c/您這份工作的公司約有多少位員工?,,,,,V
您(先生/太太)這份工作的公司約有多少位員工?,c04/您這份工作的公司約有多少位員工?,C04/您這份工作的公司約有多少位員工?,A21C/您(先生/太太)這份工作的公司約有多少位員工?,A11C/您這份工作的公司約有多少位員工?,a08c/您這份工作的公司約有多少位員工?,a08c/您這份工作的公司約有多少位員工?,,,,,V
您這份工作的地點是在哪裡?,c05z01/您這份工作的地點是在哪裡?,,,A12A01/您這份工作的工作地點是在哪裡?,,,,,,,
您這份工作是按小時，按月等方式定期領薪水,c06a01/按小時，按月等方式定期領薪水,C07A01/您這份工作是按小時，按月等方式定期領薪水,A08A01/您這份工作收入是按小時，按月等方式定期領薪水,A13A02/您這份工作收入是按小時，按每月等方式定期收支，每月平均約__元,a10a02/您這份工作收入是按小時，按日計酬，每月平均約__元,a10a02/您這份工作收入按小時、按日計酬，每月平均約__元,,,,,V
您這份工作收入是按小時，按月等方式定期領薪水,c06a01/按小時，按月等方式定期領薪水,C07A01/您這份工作是按小時，按月等方式定期領薪水,A08A01/您這份工作收入是按小時，按月等方式定期領薪水,A13A02/您這份工作收入是按小時，按每月等方式定期收支，每月平均約__元,,,,,,,V
按小時，按月等方式定期領薪水,c06a01/按小時，按月等方式定期領薪水,C07A01/您這份工作是按小時，按月等方式定期領薪水,A08A01/您這份工作收入是按小時，按月等方式定期領薪水,,,,,,,,V
按小時，按月等方式定期領薪水,c06a01/按小時，按月等方式定期領薪水,C07A01/您這份工作是按小時，按月等方式定期領薪水,A08A02/按小時，按月等方式定期領薪水，每月平均約__元,,,,,,,,V
在您開始做這份工作時，平均每個月的總收入大約有多少?,c06b/您這份工作平均每個月的總收入大約有多少?__元,C07B/您這份工作平均每個月的總收入大約有多少?__元,A08B/您這份工作平均每個月的總收入大約有多少?__元,A13B/您這份工作平均每個月的總收入大約有多少?__元,a10b/您這份工作平均每個月的總收入大約有多少?,a10b/您這份工作平均每個月的總收入大約有多少?,,,a10c/在您開始做這份工作時，平均每個月的總收入大約有多少?,,
您這份工作平均每個月的總收入大約有多少?__元,c06b/您這份工作平均每個月的總收入大約有多少?__元,C07B/您這份工作平均每個月的總收入大約有多少?__元,A08B/您這份工作平均每個月的總收入大約有多少?__元,A13B/您這份工作平均每個月的總收入大約有多少?__元,a10b/您這份工作平均每個月的總收入大約有多少?,a10b/您這份工作平均每個月的總收入大約有多少?,,,,,V
您這份工作平均每個月的總收入大約有多少?__元,c06b/您這份工作平均每個月的總收入大約有多少?__元,C07B/您這份工作平均每個月的總收入大約有多少?__元,A08B/您這份工作平均每個月的總收入大約有多少?__元,,,,,,,,V
您這份工作平均每個月的總收入大約有多少?__元,c06b/您這份工作平均每個月的總收入大約有多少?__元,C30/您(先生/太太)這份工作平均每個月的總收入大約有多少?__元,A08B/您這份工作平均每個月的總收入大約有多少?__元,A13B/您這份工作平均每個月的總收入大約有多少?__元,a10b/您這份工作平均每個月的總收入大約有多少?,a10b/您這份工作平均每個月的總收入大約有多少?,,,a08b/您這份工作平均每個月的總收入大約有多少?,,V
在正常的情形下，您這份工作平均每週大約工作幾個小時?__小時,c07/在正常的情形下，您這份工作平均每週大約工作幾個小時?__小時,C08/在正常的情形下，您這份工作平均每週大約工作幾個小時?__小時,A09/在正常的情形下，您這份工作平均每週大約工作幾個小時?__小時,A14/在正常的情形下，您這份工作平均每週大約工作幾個小時?,,,,,,,V
在正常的情形下，您這份工作平均每週大約工作幾個小時?__小時,c07/在正常的情形下，您這份工作平均每週大約工作幾個小時?__小時,,,,,,,,a09b/在正常的情形下，您這份工作平均每週大約工作幾個小時?,a12d/在您開始做這份工作時，您平均每週大約工作幾個小時?,V
在正常的情形下，您這份兼差平均每週大約工作幾個小時?(答完A13e後，跳至A15a),c07/在正常的情形下，您這份工作平均每週大約工作幾個小時?__小時,,,,,,,,a13e/在正常的情形下，您這份兼差平均每週大約工作幾個小時?(答完A13e後，跳至A15a),,V
您覺得目前的工作在未來的一年之內穩定嗎?,c09/您覺得目前的工作在未來的一年之內穩定嗎?,C10/您覺得您目前的工作在未來的一年之內穩定嗎?,,,,,,,,,
平常您每天上下班總共需要多少交通時間?約__分鐘,c10/平常您每天上下班總共需要多少交通時間?約__分鐘,C11/平常您每天上下班總共需要多少交通時間?約__分鐘,,A12B01/平常您每天上下班總共需要多少交通時間?,a09c01/平常您每天上下班總共需要多少交通時間?,a09c01/平常您每天上下班總共需要多少交通時間?,a09g01/平常您每天上下班總共需要多少交通時間?,,a07d01/平常您每天上下班總共需要多少交通時間?(以最常用的交通工具為主),a08d01/平常您每天上下班總共需要多少交通時間?,V
平常(他/她)每天上下班總共需要多少交通時間?,c10/平常您每天上下班總共需要多少交通時間?約__分鐘,C11/平常您每天上下班總共需要多少交通時間?約__分鐘,,A30B01/平常(他/她)每天上下班總共需要多少交通時間?,a09c01/平常您每天上下班總共需要多少交通時間?,a24c01/平常(他/她)每天上下班總共需要多少交通時間?,a24c01/平常(他/她)每天上下班總共需要多少交通時間?,,a31d01/平常(他/她)每天上下班總共需要多少交通時間?(以最常用的交通工具為主),a08d01/平常您每天上下班總共需要多少交通時間?,V
平常(他/她)每天上下班總共需要多少交通時間?,c10/平常您每天上下班總共需要多少交通時間?約__分鐘,C11/平常您每天上下班總共需要多少交通時間?約__分鐘,,A30B01/平常(他/她)每天上下班總共需要多少交通時間?,a24c01/平常(他/她)每天上下班總共需要多少交通時間?,a24c01/平常(他/她)每天上下班總共需要多少交通時間?,a24c01/平常(他/她)每天上下班總共需要多少交通時間?,,a31d01/平常(他/她)每天上下班總共需要多少交通時間?(以最常用的交通工具為主),a08d01/平常您每天上下班總共需要多少交通時間?,V
您在做這份工作時，是否會用到電腦?,c11/您在做這份工作時，是否會用到電腦?,C12/您在做這份工作時，是否會用到電腦?,,,,,,,,,
您現在工作的機構有沒有提供除健保外之醫療，意外或人壽保險?,c12z01/您現在工作機構有沒有提供除健保外之醫療、意外或人壽保險福利給像您?o個職位的員工?,C13Z01/您現在工作的機構有沒有提供除健保外之醫療，意外或人壽保險?,,,,,,,,,
您現在工作的機構有沒有提供低利貸款或優惠存款?,c12z02/您現在工作機構有沒有提供低利貸款或優惠存款福利給像您這個職位的員?u?,C13Z02/您現在工作的機構有沒有提供低利貸款或優惠存款?,,,,,,,,,
您現在工作機構有沒有提供宿舍或房屋津貼福利給像您這個職位的員工?,c12z03/您現在工作機構有沒有提供宿舍或房屋津貼福利給像您這個職位的員工?,C13Z03/您現在工作的機構有沒有提供宿舍或房屋津貼?,,,,,,,,,
您現在工作的機構有沒有提供退休金?,c12z04/您現在工作機構有沒有提供退休金福利給像您這個職位的員工?,C13Z04/您現在工作的機構有沒有提供退休金?,,,,,,,,,
您現在工作機構有沒有提供小孩的學雜費補助福利給像您這個職位的員工?,c12z05/您現在工作機構有沒有提供小孩的學雜費補助福利給像您這個職位的員工?,C13Z05/您現在工作的機構有沒有提供小孩的學雜費補助?,,,,,,,,,
您現在工作的機構有沒有提供在職訓練課程或進修?,c12z06/您現在工作機構有沒有提供提供在職訓練課程或進修福利給像您這個職位?滬工?,C13Z06/您現在工作的機構有沒有提供在職訓練課程或進修?,,,,,,,,,
在您現在工作的場所，會不會與同樣職位的男性員工比較起來，女性員工的薪水較少?,c13z01/與同樣職位的男性員工比較起來，女性員工的薪水較少,C14Z01/在您現在工作的場所，會不會與同樣職位的男性員工比較起來，女性員工的薪水較少?,,,,,,,,,
女性員工在昇遷時較為困難,c13z02/女性員工在昇遷時較為困難,C14Z02/在您現在工作的場所，會不會有女性員工在昇遷時較為困難?,,,,,,,,,
女性員工可能因為懷孕或結婚而被解僱，調職或影響升遷,c13z03/女性員工可能因為懷孕或結婚而被解僱，調職或影響升遷,C14Z03/在您現在工作的場所，會不會有女性員工可能因為懷孕或結婚而被解僱，調職或影響升遷,,,,,,,,,
您現在所做的工作，是否具有危險性或容易受傷,c14z02/您現在所做的工作，是否具有危險性或容易受傷,C15Z02/您現在所做的工作，是否具有危險性或容易受傷?,,,,,,,,,
您現在所做的工作，是否工作壓力太大?,c14z03/您現在所做的工作，是否工作壓力太大,C15Z03/您現在所做的工作，是否工作壓力太大?,,,,,,,,,
您希望找的是什麼樣的工作?,c17/您希望找的是什麼樣的工作?,C17/您希望找的是什麼樣的工作?,,,,,,,,,
您用家人介紹的方法找尋工作,c18z01/您用什麼方法找尋工作?家人介紹,C18Z01/您用家人介紹的方法找尋工作,,,,,,,,,
您用什麼方法找尋工作?親戚介紹,c18z02/您用什麼方法找尋工作?親戚介紹,C18Z02/您用親戚介紹的方法找尋工作,,,,,,,,,
您用什麼方法找尋工作?同鄉介紹,c18z03/您用什麼方法找尋工作?同鄉介紹,C18Z03/您用同鄉介紹的方法找尋工作,,,,,,,,,
您用什麼方法找尋工作?朋友介紹,c18z04/您用什麼方法找尋工作?朋友介紹,C18Z04/您用朋友介紹的方法找尋工作,,,,,,,,,
您用什麼方法找尋工作?老師介紹,c18z05/您用什麼方法找尋工作?老師介紹,C18Z05/您用老師介紹的方法找尋工作,,,,,,,,,
您用什麼方法找尋工作?向公私之就業服務機構求職,c18z06/您用什麼方法找尋工作?向公私之就業服務機構求職,C18Z06/您向公私立就業服務機構求職的方法找尋工作,,,,,,,,,
您用什麼方法找尋工作?看徵才啟事,c18z07/您用什麼方法找尋工作?看徵才啟事,C18Z07/您看徵才啟事的方法找尋工作,,,,,,,,,
您用什麼方法找尋工作?自己去找,c18z08/您用什麼方法找尋工作?自己去找,C18Z08/您自己去找的方法找尋工作,,,,,,,,,
請問您(先生/太太)目前有沒有工作?,c19/請問您(先生/太太)目前有沒有工作?,,,A07/請問您目前有工作嗎?,a05/請問您目前有工作嗎?,a05/請問您目前有工作嗎?,a05/請問您目前有工作嗎?,a05/請問您目前有工作嗎,a05/請問您目前有工作嗎?,,V
請問您(先生/太太)目前沒有工作的原因是什麼?,c20/請問您(先生/太太)目前沒有工作的原因是什麼?,C32/請問您(先生/太太)目前沒有工作的原因是什麼?,A26/請問您(先生/太太)目前沒有工作的原因是什麼?,,,,,,,,
請問您(先生/太太)是在為誰工作?,c21b/您(先生/太太)是在為誰工作?,C28B/請問您(先生/太太)是在為誰工作?,A21B/請問您(先生/太太)是在為誰工作?,,,,,,,,
您(先生/太太)這份工作平均每個月的總收入大約有多少?__元,c22/您(先生/太太)這份工作平均每個月的總收入大約有多少?__元,C07B/您這份工作平均每個月的總收入大約有多少?__元,A24/您(先生/太太)這份工作平均每個月的總收入大約有多少?__元,A13B/您這份工作平均每個月的總收入大約有多少?__元,,,,,,,V
您(先生/太太)這份工作平均每個月的總收入大約有多少?__元,c22/您(先生/太太)這份工作平均每個月的總收入大約有多少?__元,C30/您(先生/太太)這份工作平均每個月的總收入大約有多少?__元,A24/您(先生/太太)這份工作平均每個月的總收入大約有多少?__元,,,a10b/您這份工作平均每個月的總收入大約有多少?,,,,,V
您(先生/太太)這份工作平均每個月的總收入大約有多少?__元,c22/您(先生/太太)這份工作平均每個月的總收入大約有多少?__元,C30/您(先生/太太)這份工作平均每個月的總收入大約有多少?__元,A24/您(先生/太太)這份工作平均每個月的總收入大約有多少?__元,,,a10b/您這份工作平均每個月的總收入大約有多少?,,,,,V
您(先生/太太)這份工作平均每個月的總收入大約有多少?__元,c22/您(先生/太太)這份工作平均每個月的總收入大約有多少?__元,C30/您(先生/太太)這份工作平均每個月的總收入大約有多少?__元,A24/您(先生/太太)這份工作平均每個月的總收入大約有多少?__元,,,a10b/您這份工作平均每個月的總收入大約有多少?,,,,,V
在正常的情形下，您(先生/太太)這份工作平均每週大約工作幾個小時?__小時,c23/在正常的情形下，您(先生/太太)這份工作平均每週大約工作幾個小時?___小時,C31/在正常的情形下，您(先生/太太)這份工作平均每週大約工作幾個小時?__小時,A09/在正常的情形下，您這份工作平均每週大約工作幾個小時?__小時,A14/在正常的情形下，您這份工作平均每週大約工作幾個小時?,,,,,,,V
請問您在未來有沒有移民到其他國家的打算?,d01/請問您在未來有沒有移民到其他國家的打算?,,C01/請問您在未來有沒有移民到其他國家的打算?,,,,,,,,
您打算移民的主要因是什麼?,d02/您打算移民的主要因是什麼?,D02/您打算移民的主要原因是什麼?,C02/您打算移民的主要原因是什麼?,B02/您打算移民的主要原因是什麼?,b02/您打算移民的主要原因是什麼?,b02/您打算移民的主要原因是什麼?,b02/您打算移民的主要原因是什麼?,b02/您打算移民的主要原因是什麼,b02/您打算移民的主要原因是什麼?(請唸出答項供受訪者選擇),,
您有沒有親人定居住在其他國家？父母或配偶父母,d03z01/您有沒有親人定居住在其他國家？父母或配偶父母,D03Z01/您有父母或配偶父母定居在其他國家?,C03Z01/你有沒有父母或配偶父母定居住在其他國家?,,,,,,,,
您有沒有親人定居住在其他國家?子女,d03z02/您有沒有親人定居住在其他國家?子女,D03Z02/您有子女定居在其他國家?,C03Z02/你有沒有子女定居住在其他國家?,,,,,,,,
您有沒有親人定居住在其他國家?兄弟姐妹或配偶的兄弟姐妹,d03z03/您有沒有親人定居住在其他國家?兄弟姐妹或配偶的兄弟姐妹,D03Z03/您有兄弟姊妹或配偶的兄弟姊妹定居在其他國家?,C03Z03/你有沒有兄弟姊妹或配偶的兄弟姊妹定居住在其他國家?,,,,,,,,
您有沒有親人定居住在其他國家?其他親人,d03z04/您有沒有親人定居住在其他國家?其他親人,D03Z04/您有其他親人定居在其他國家?,C03Z04/你有沒有其他親人定居住在其他國家?,,,,,,,,
在去年之中，請問您平均每週大約花多少時間作家務工作?__小時,e01a/在去年之中，請問您平均每週大約花多少時間作家務工作?__小時,E01A/在去年之中，請問您平均每週大約花多少時間作家務工作?__小時,D01A/在去年之中，請問您平均每週大約花多少時間作家務工作?__小時,C01A/在去年(94年)之中，請問您平均每週大約花多少時間作家務工作?__小時,d01a/在去年(95年)之中，請問您平均每週大約花多少時間作家務工作?__小時,c01a/在去年(96年)之中，請問您平均每週大約花多少時間作家務工作?,c01a/在去年(97年)之中，請問您平均每週大約花多少時間作家務工作?,,c01a/在去年之中，請問您平均每週大約花多少時間作家務工作?__小時,,
請問您的配偶平均每週大約花多少時間作家務工作?__小時,e01b/請問您的配偶平均每週大約花多少時間作家務工作?__小時,E01B/請問您的配偶平均每週大約花多少時間作家務工作?__小時,D01B/請問您的配偶平均每週大約花多少時間作家務工作?__小時,C01B/請問您的配偶平均每週大約花多少時間作家務工作?__小時,d01b/請問您的配偶平均每週大約花多少時間作家務工作?__小時,c01b/請問您的配偶平均每週大約花多少時間作家務工作?,c01b/請問您的配偶平均每週大約花多少時間作家務工作?,,c01b/在去年之中，請問您的配偶平均每週大約花多少時間作家務工作?__小時,,
在過去一年裡，您家中每個月的飲食支出__元,e02d/在過去一年裡，您家中每個月的飲食支出__元,E02D/在過去一年裡，您家中飲食支出__元,,C08D/在過去一年裡，您家中飲食支出(包括家中飲食與外出飲食)平均每月__元,d08d/在過去一年裡，您(和您配偶)飲食支出(包括家中飲食與外出飲食)平均每月__元,,,,,,
在其他費用方面，下列哪一項所佔的支出最多?,e02e01/在其他費用方面，下列哪一項所佔的支出最多?,E02E/在過去一年裡，您家中娛樂消遣__元,,C08E/在過去一年裡，您家中每個月的飲食支出中，外出飲食大約有多少__元,d08e/在過去一年裡，您(和您配偶)每個月的飲食支出中，外出飲食大約有多少__元,,,,,,
此項目在上個學年/去年，總計約__元,e02e02/此項目在上個學年/去年，總計約__元,E02F/在過去一年裡，您家中每個月的平均儲蓄__元,,C08G/在過去一年裡，您家中每個月的平均儲蓄(不含標會)__元,d08g/在過去一年裡，您(和您配偶)每個月的平均儲蓄(不含標會)__元,,,,,,
在過去的一年中，您是否有新添的小孩?,f02/在過去的一年中，您是否有新添的小孩?,F02/在過去一年中，您是否有新添的小孩?,E02/在過去一年中，您是否有新添的小孩?,E01/在過去一年中，您是否有新添的小孩?,,,,,,,
他/她是男孩還是女孩?,f03/他/她是男孩還是女孩?,F03/他/她是男孩還是女孩?,E03/他/她是男孩還是女孩?,,,,,,,,
您(或您的配偶)有沒有打算在未來(再)生一個小孩?,f04/您(或您的配偶)有沒有打算在未來(再)生一個小孩?,F04/您(或您的配偶)有沒有打算在未來(再)生一個小孩?,E04/您(或您的配偶)有沒有打算在未來(再)生一個小孩?,E03/您(或您的配偶)有沒有打算在未來(再)生一個小孩?,f01/您(或您的配偶)有沒有打算在未來(再)生一個小孩?,e01/您(或您的配偶)有沒有打算在未來(再)生一個小孩?,e02/您(或您的配偶)有沒有打算在未來(再)生一個小孩?,,d03/您(或您的配偶)有沒有打算在未來(再)生一個小孩?,d06/您(或您的配偶)有沒有打算在未來(再)生一個小孩?,
您(或您的配偶)希望這個小孩是男孩還是女孩?,f05/您(或您的配偶)希望這個小孩是男孩還是女孩?,F05/您(或您的配偶)希望這個小孩是男孩還是女孩?,E05/您(或您的配偶)希望這個小孩是男孩還是女孩?,,f02/您(或您的配偶)希望這個小孩是男孩還是女孩?,e02/您(或您的配偶)希望這個小孩是男孩還是女孩?,e03/您(或您的配偶)希望這個小孩是男孩還是女孩?,,,d07/您(或您的配偶)希望這個小孩是男孩還是女孩?,
您覺得您的父母有沒有給您(或您的配偶)生男孩的壓力?,f06/您覺得您的父母(或是配偶父母)有沒有給您(或您的配偶)生男孩的壓力?,F06/您覺得您的父母(或您配偶的父母)有沒有給您(或您的配偶)生男孩的壓力?,E06/您覺得您的父母(或您配偶的父母)有沒有給您(或您的配偶)生男孩的壓力?,E05/您覺得您的父母(或您配偶的父母)有沒有給您(或您的配偶)生男孩的壓力?,f03/您覺得您的父母(或您配偶的父母)有沒有給您(或您的配偶)生男孩的壓力?,e03/您覺得您的父母(或您配偶的父母)有沒有給您(或您的配偶)生男孩的壓力?,e01/您覺得您的父母(或您配偶的父母)有沒有給您(或您的配偶)生男孩的壓力?,,d01/您覺得您的父母有沒有給您(或您的配偶)生男孩的壓力?,d04/您覺得您的父母有沒有給您(或您的配偶)生男孩的壓力?,
您平均一天大約有多少時間和子女相處?,g01/您平均一天大約有多少時間和子女相處?,G01/您平均一天大約有多少時間和子女相處?,,,,,,,,,
您和您子女在一起時，最常做那些事?,g02/您和您子女在一起時，最常做那些事?,G02/您和您子女在一起時，最常做那些事?,,,,,,,,,
您與配偶的感情(1分代表感情非常不好，5分代表感情非常好),g03a/您與配偶的感情(1分代表感情非常不好，5分代表感情非常好),G03C/您與配偶的感情(1分代表感情非常不好，5分代表感情非常好),,,,,,,,,
您與女兒的感情(1分代表感情非常不好，5分代表感情非常好),g03b/您與女兒的感情(1分代表感情非常不好，5分代表感情非常好),G03A/您與女兒的感情(1分代表感情非常不好，5分代表感情非常好),,,,,,,,,
您與兒子的感情(1分代表感情非常不好，5分代表感情非常好),g03c/您與兒子的感情(1分代表感情非常不好，5分代表感情非常好),G03B/您與兒子的感情(1分代表感情非常不好，5分代表感情非常好),,,,,,,,,
您和您的配偶曾為了家務分工發生意見不合嗎?,g04a/您和您的配偶曾為家務分工發生意見不合嗎?,G04A/您和您的配偶曾為了家務分工而意見不合嗎?,,D02A/您和您的配偶曾為了家務分工發生意見不合嗎?,,,,,,,
您和您的配偶曾為了子女管教發生意見不合嗎?,g04b/您和您的配偶曾為子女管教發生意見不合嗎?,G04B/您和您的配偶曾為了子女管教而意見不合嗎?,,D02B/您和您的配偶曾為了子女管教發生意見不合嗎?,,,,,,,
您和您的配偶曾為了財務問題發生意見不合嗎?,g04c/您和您的配偶曾為財務問題發生意見不合嗎?,G04C/您和您的配偶曾為了財務問題而意見不合嗎?,,D02C/您和您的配偶曾為了財務問題發生意見不合嗎?,,,,,,,
您和您的配偶曾為家族事務發生意見不合嗎?,g04d/您和您的配偶曾為家族事務發生意見不合嗎?,G04D/您和您的配偶曾為了家族事務而意見不合嗎?,,D02D/您和您的配偶曾為了家族事務發生意見不合嗎?,,,,,,,
您和您的配偶曾為了感情問題發生意見不合嗎?,g04e/您和您的配偶曾為感情問題發生意見不合嗎?,G04E/您和您的配偶曾為了感情問題而意見不合嗎?,,D02E/您和您的配偶曾為了感情問題發生意見不合嗎?,,,,,,,
和您的配偶發生意見不合時，通常您會不說話,g05a01/和您的配偶發生意見不合時，通常您會不說話,G05A01/和您的配偶發生意見不合時，通常您會不說話,,D03A01/您和您的配偶發生意見不合時，通常您會(可多選):不說話,,,,,,b25a01/您和您的配偶(同居伴侶)發生意見不合時，通常您會:不說話,
您和您的配偶發生意見不合時，通常您會(可多選):批評對方,g05a02/和您的配偶發生意見不合時，通常您會批評對方,G05A02/和您的配偶發生意見不合時，通常您會批評對方,,D03A02/您和您的配偶發生意見不合時，通常您會(可多選):批評對方,,,,,,b25a02/您和您的配偶(同居伴侶)發生意見不合時，通常您會:批評對方,
您和您的配偶發生意見不合時，通常您會(可多選):發脾氣,g05a03/和您的配偶發生意見不合時，通常您會發脾氣,G05A03/和您的配偶發生意見不合時，通常您會發脾氣,,D03A03/您和您的配偶發生意見不合時，通常您會(可多選):發脾氣,,,,,,b25a03/您和您的配偶(同居伴侶)發生意見不合時，通常您會:發脾氣,
和您的配偶發生意見不合時，通常您會有肢體動作(動手動腳),g05a04/和您的配偶發生意見不合時，通常您會有肢體動作(動手動腳),G05A04/和您的配偶發生意見不合時，通常您會有肢體動作,,D03A04/您和您的配偶發生意見不合時，通常您會(可多選):有肢體動作(台語:動手動腳),,,,,,b25a04/您和您的配偶(同居伴侶)發生意見不合時，通常您會:有肢體動作(台語:動手動腳),
您和您的配偶發生意見不合時，通常您會(可多選):其他,g05a05/和您的配偶發生意見不合時，通常您會其他,G05A05/和您的配偶發生意見不合時，通常您會其他,,D03A06/您和您的配偶發生意見不合時，通常您會(可多選):其他,,,,,,b25a06/您和您的配偶(同居伴侶)發生意見不合時，通常您會:其他,
和您的配偶發生意見不合時，通常您的配偶會不說話,g05b01/和您的配偶發生意見不合時，通常您的配偶會不說話,G05B01/您和您的配偶發生意見不合時，通常您的配偶會不說話,,D03B01/您和您的配偶發生意見不合時，通常您的配偶會(可多選):不說話,,,,,,b25b01/您和您的配偶(同居伴侶)發生意見不合時，通常您的配偶會:不說話,
和您的配偶發生意見不合時，通常您的配偶會批評對方,g05b02/和您的配偶發生意見不合時，通常您的配偶會批評對方,G05B02/您和您的配偶發生意見不合時，通常您的配偶會批評對方,,D03B02/您和您的配偶發生意見不合時，通常您的配偶會(可多選):批評對方,,,,,,b25b02/您和您的配偶(同居伴侶)發生意見不合時，通常您的配偶會:批評對方,V
和您的配偶發生意見不合時，通常您的配偶會發脾氣,g05b03/和您的配偶發生意見不合時，通常您的配偶會發脾氣,G05B03/您和您的配偶發生意見不合時，通常您的配偶會發脾氣,,D03B03/您和您的配偶發生意見不合時，通常您的配偶會(可多選):發脾氣,,,,,,b25b03/您和您的配偶(同居伴侶)發生意見不合時，通常您的配偶會:發脾氣,V
和您的配偶發生意見不合時，通常您的配偶會有肢體動作(動手動腳),g05b04/和您的配偶發生意見不合時，通常您的配偶會有肢體動作(動手動腳),G05B04/您和您的配偶發生意見不合時，通常您的配偶會有肢體動作,,D03B04/您和您的配偶發生意見不合時，通常您的配偶會(可多選):有肢體動作(台語:動手動腳),,,,,,b25b04/您和您的配偶(同居伴侶)發生意見不合時，通常您的配偶會:有肢體動作(台語:動手動腳),
您和您的配偶發生意見不合時，通常您的配偶會(可多選):其他,g05b05/和您的配偶發生意見不合時，通常您的配偶會其他,G05B05/您和您的配偶發生意見不合時，通常您的配偶會其他,,D03B06/您和您的配偶發生意見不合時，通常您的配偶會(可多選):其他,,,,,,b25b05/您和您的配偶(同居伴侶)發生意見不合時，通常您的配偶會:摔東西,
您和您的配偶發生意見不合後，通常會當場和好,g06z01/您和您的配偶發生意見不合後，通常會當場和好,G06Z01/您和您的配偶發生意見不合後，通常當場和好,,,,,,,,,
您和您的配偶(同居伴侶)發生意見不合後，通常怎麼解決?彼此不說話,g06z02/您和您的配偶發生意見不合後，通常會彼此不說話,G06Z02/您和您的配偶發生意見不合後，通常彼此不說話,,D03B02/您和您的配偶發生意見不合時，通常您的配偶會(可多選):批評對方,,,,,,b25c02/您和您的配偶(同居伴侶)發生意見不合後，通常怎麼解決?彼此不說話,V
您和您的配偶(同居伴侶)發生意見不合後，通常怎麼解決?生氣過後就沒事了,g06z03/您和您的配偶發生意見不合後，通常會生氣過後就沒事了,G06Z03/您和您的配偶發生意見不合後，通常生氣過後就沒事了,,D03B03/您和您的配偶發生意見不合時，通常您的配偶會(可多選):發脾氣,,,,,,b25c03/您和您的配偶(同居伴侶)發生意見不合後，通常怎麼解決?生氣過後就沒事了,V
您和您的配偶發生意見不合後，通常怎麼解決?(可多選):生氣過後就沒事了,g06z03/您和您的配偶發生意見不合後，通常會生氣過後就沒事了,G06Z03/您和您的配偶發生意見不合後，通常生氣過後就沒事了,,D04Z03/您和您的配偶發生意見不合後，通常怎麼解決?(可多選):生氣過後就沒事了,,,,,,b25c03/您和您的配偶(同居伴侶)發生意見不合後，通常怎麼解決?生氣過後就沒事了,V
您和您的配偶發生意見不合後，通常生氣過後就沒事了,g06z03/您和您的配偶發生意見不合後，通常會生氣過後就沒事了,G06Z03/您和您的配偶發生意見不合後，通常生氣過後就沒事了,,,,,,,,b25c03/您和您的配偶(同居伴侶)發生意見不合後，通常怎麼解決?生氣過後就沒事了,V
您和您的配偶發生意見不合後，通常會生氣過後就沒事了,g06z03/您和您的配偶發生意見不合後，通常會生氣過後就沒事了,G06Z03/您和您的配偶發生意見不合後，通常生氣過後就沒事了,,,,,,,,,V
您和您的配偶發生意見不合後，通常事後再討論,g06z04/您和您的配偶發生意見不合後，通常會事後再討論,G06Z04/您和您的配偶發生意見不合後，通常事後再討論,,,,,,,,,
您和您的配偶發生意見不合後，通常會由第三者撮和,g06z05/您和您的配偶發生意見不合後，通常會由第三者撮和,G06Z05/您和您的配偶發生意見不合後，通常由第三者撮和,,,,,,,,,
您和您的配偶發生爭吵時，子女也在場嗎?,g07/您和您的配偶發生爭吵時，子女也在場嗎?,G07/您和您的配偶發生爭吵時，子女也在場嗎?,,,,,,,,,
您認為夫妻爭吵對孩子影響大不大?,g08/您認為夫妻爭吵對孩子影響大不大?,G08/您認為夫妻爭吵對孩子的影響大不大?,,D06/您認為夫妻爭吵對孩子的影響大不大?,,,,,,,
除了看電視外，您和您配偶在一起時，最常做那些活動?,g09/除了看電視外，您和您配偶在一起時，最常做那些活動?,G09/除了看電視之外，您和您配偶在一起時，最常做那些活動?,,D07/除了看電視之外，您和您配偶在一起時，最常作哪些活動?,,,,,,,
通常你是如何處理這些收入的?,h01a/通常你是如何處理這些收入的?,H01B/通常你是如何處理這些收入的?,,,e01b/通常您是如何處理這些收入的?,,,,,,
通常他(她)是如何處理這些收入?,h02a/通常他(她)是如何處理這些收入?,H02B/通常他(她)是如何處理這些收入的?,,,,,,,,,
請問您的家庭必需開銷主要是由誰來管呢?,h03/請問您的家庭必需開銷主要是由誰來管呢?,,,,e03/請問您的家庭必需開銷主要是由誰來管呢?,,,,,,
除了家庭的必需開銷外，你們全家共用的錢通常是由誰來掌管呢?,h04/除了家庭的必需開銷外，你們全家共用的錢通常是由誰來掌管呢?,H04/除了家庭的必需開銷外，你們全家共用的錢通常是由誰來掌管呢?,,,e04a/除了家庭的必需開銷外，你們全家共用的錢通常是由誰來掌管呢?,,,,,,
訪問結束時間:__月,h05z01/訪問結束時間:__月,,,,,e05z01/訪問結束時間—月,,,,,
訪問結束時間:__日,h05z02/訪問結束時間:__日,,I03Z02/訪問結束時間:日,E07Z02/訪問結束時間__日,,,,,,,
訪問結束時間:__時,h05z03/訪問結束時間:__時,,I03Z03/訪問結束時間:時,,f06z03/訪問結束時間__時,e05z03/訪問結束時間—時,e06z03/訪問結束時間_時,,,,
訪問結束時間:__分 ;,h05z04/訪問結束時間:__分 ;,,I03Z04/訪問結束時間:分 ;,E07Z04/訪問結束時間__分 ;,,e05z04/訪問結束時間—分 ;,,,,,
問卷類別,x01a/問卷類別,X01A/問卷類別,X01A/問卷類別,Z01A/問卷類別,x01a/問卷類別,x01a/問卷類別,,,x01a/問卷類別,x01a/問卷類別,
主樣本年齡層,x01b/主樣本年齡層,X01B/主樣本年齡層,X01B/主樣本年齡層,Z01B/主樣本年齡層,x01b/主樣本年齡層,x01b/主樣本年齡層,x01b/主樣本年齡層,,x01b/主樣本年齡層,x01b/主樣本年齡層,
訪問時段,x01c/訪問時段,X01C/訪問時段,X01C/訪問時段,Z01C/訪問時段,x01c/訪問時段,x01c/訪問時段,x01c/訪問時段,,x01c/訪問時段,x01c/訪問時段,
月(訪問開始時間),x02z01/月(訪問開始時間),X02Z01/月(訪問開始時間),,,,,,,,,
日(訪問開始時間),x02z02/日(訪問開始時間),X02Z02/日(訪問開始時間),,,,,,,,,
時(訪問開始時間),x02z03/時(訪問開始時間),X02Z03/時(訪問開始時間),,,,,,,,,
分(訪問開始時間),x02z04/分(訪問開始時間),X02Z04/分(訪問開始時間),,,,,,,,,
現住地區域碼,x06/現住地區域碼,X05/現居地區域碼,,,,,,,,,
受訪者與戶長的關係,x08/受訪者與戶長的關係,X09/受訪者與戶長之關係,X09/受訪者與戶長的關係,X06/受訪者與戶長之關係,,,,,,,
請問從我們去年一月訪問到這次訪問的期間，您的工作情況有改變嗎?,,C01A/請問從我們去年一月訪問到這次訪問的期間，您的工作情況有改變嗎?,A03A/請問從我們去年一月訪問到這次訪問的期間，您的工作情況有改變嗎?,,,,,,,,
如果您繼續從事去年的工作，請問您的職位或工作內容有改變嗎?,,C01B/如果您繼續從事去年的工作，請問您的職位或工作內容有改變嗎?,A03B01/如果您繼續從事去年的工作，請問您的職位有改變嗎?,,,,,,,,V
如果您繼續從事去年的工作，請問您的職位或工作內容有改變嗎?,,C01B/如果您繼續從事去年的工作，請問您的職位或工作內容有改變嗎?,A03B03/如果您繼續從事去年的工作，請問您的工作內容有改變嗎?,,,,,,,,
如果您繼續從事去年的工作，請問您的職位，工作地點或工作內容沒有改變,,C01B/如果您繼續從事去年的工作，請問您的職位或工作內容有改變嗎?,A03B04/如果您繼續從事去年的工作，請問您的職位，工作地點或工作內容沒有改變,,,,,,,,V
您的這份工作是以何種方式找到的?,,C05/您的這份工作是以何種方式找到的?,A07/您的這份工作是以何種方式找到的?,,,,,,,,
按小時，按月等方式定期領薪水，每月平均約__元,,C07A02/每月平均約__元,A08A02/按小時，按月等方式定期領薪水，每月平均約__元,A13A02/您這份工作收入是按小時，按每月等方式定期收支，每月平均約__元,a10a02/您這份工作收入是按小時，按日計酬，每月平均約__元,a10a02/您這份工作收入按小時、按日計酬，每月平均約__元,,,,,V
您這份工作收入是按月計酬支領收入?,,C07A03/您這份工作是按業績獎金，分紅等不固定的收入,A08A03/您這份工作收入是按業績獎金、分紅等不固定的收入支領,A13A03/您這份工作收入是獎金，分紅等不固定的收入?,a10a03/您這份工作收入是按月計酬支領收入?,a10a03/您這份工作收入是否按月計酬,,,,,V
您這份工作收入是獎金，分紅等不固定的收入?,,C07A03/您這份工作是按業績獎金，分紅等不固定的收入,A08A03/您這份工作收入是按業績獎金、分紅等不固定的收入支領,A13A03/您這份工作收入是獎金，分紅等不固定的收入?,a10a05/您這份工作收入是獎金，分紅等不固定的收入?,a10a05/您這份工作是否獎金、分紅等不固定的收入,,,,,
您這份工作是按業績獎金，分紅等不固定的收入,,C07A03/您這份工作是按業績獎金，分紅等不固定的收入,A08A03/您這份工作收入是按業績獎金、分紅等不固定的收入支領,,,,,,,,V
您這份工作收入是有其他來源?,,C07A05/您這份工作是按其他來源,A08A05/您這份工作收入是按其他來源支領收入,A13A07/您這份工作收入是有其他來源?,a10a09/您這份工作收入是有其他來源?,a10a09/您這份工作收入是否用其他方式領的,,,,,V
您這份工作平均每個月的總收入大約有多少?,,C07B/您這份工作平均每個月的總收入大約有多少?__元,A08B/您這份工作平均每個月的總收入大約有多少?__元,A13B/您這份工作平均每個月的總收入大約有多少?__元,a10b/您這份工作平均每個月的總收入大約有多少?,a10b/您這份工作平均每個月的總收入大約有多少?,a10b/您這份工作平均每個月的總收入大約有多少?,a10b/您這份工作平均每個月的總收入大約有多少?,a08b/您這份工作平均每個月的總收入大約有多少?,a09a02/您這份工作平均每個月的總收入大約有多少?,V
您這份工作平均每個月的總收入大約有多少?__元,,C07B/您這份工作平均每個月的總收入大約有多少?__元,A08B/您這份工作平均每個月的總收入大約有多少?__元,A13B/您這份工作平均每個月的總收入大約有多少?__元,a10b/您這份工作平均每個月的總收入大約有多少?,a10b/您這份工作平均每個月的總收入大約有多少?,a10b/您這份工作平均每個月的總收入大約有多少?,a10d/您這份工作哪一種方式領取的收入最多,a08d/您這份工作哪一種方式領取的收入最多?,a09c/您這份工作哪一種方式領取的收入最多?,V
您這份工作平均每個月的總收入大約有多少?__元,,C07B/您這份工作平均每個月的總收入大約有多少?__元,A08B/您這份工作平均每個月的總收入大約有多少?__元,A13B/您這份工作平均每個月的總收入大約有多少?__元,a10b/您這份工作平均每個月的總收入大約有多少?,a10b/您這份工作平均每個月的總收入大約有多少?,,,,,V
您這份工作平均每個月的總收入大約有多少?,,C07B/您這份工作平均每個月的總收入大約有多少?__元,A08B/您這份工作平均每個月的總收入大約有多少?__元,A13B/您這份工作平均每個月的總收入大約有多少?__元,a10b/您這份工作平均每個月的總收入大約有多少?,a10b/您這份工作平均每個月的總收入大約有多少?,,,,,V
請問您(先生/太太)過去這一個月之內有沒有在找工作?,,C16Z01/請問您過去這一個月之內有沒有在找工作?,A27A01/請問您(先生/太太)過去這一個月之內有沒有在找工作?,,,,,,,,
請問從我們去年一月訪問您以後，您個人的婚姻狀況有沒有改變?,,C20/請問從我們去年一月訪問您以後，您個人的婚姻狀況有沒有改變?,A14/請問從我們去年一月訪問您以後，您個人的婚姻狀況有沒有改變?情形怎樣的呢?,,,,,,,,
請問您的(先生/太太/同居伴侶)是在哪一年出生的?__月,,C22/請問您的(先生/太太)是在哪一年出生的?民國__年,,,,,,,,a28a02/請問您的(先生/太太/同居伴侶)是在哪一年出生的?__月,
請問(他/她)是哪裡人?,,C23/請問(他/她)是哪裡人?,A16/請問(他/她)是哪裡人?,,,,,,,,
請問您(先生/太太)的父親最高教育程度是什麼?,,C24B/請問您(先生/太太)的父親最高教育程度是什麼?,A17B/請問您(先生/太太)的父親最高教育程度是什麼?,A25B/請問(他/她)的父親最高教育程度是什麼?,,,,,,,
請問從我們去年一月訪問到這次訪問的期間，您(先生/太太)的工作情況有改變嗎?,,C26A/請問從我們去年一月訪問到這次訪問的期間，您(先生/太太)的工作情況有改變嗎?,A19A/請問從我們去年一月訪問到這次訪問的期間，您(先生/太太)的工作情況有改變嗎?,,,,,,,,
如果您(先生/太太)繼續從事去年的工作，請問您(先生/太太)的職位或工作內容有改變嗎?,,C26B/如果您(先生/太太)繼續從事去年的工作，請問您(先生/太太)的職位或工作內容有改變嗎?,A19B03/如果您(先生/太太)繼續從事去年的工作，請問您(先生/太太)的工作內容有改變嗎?,,,,,,,,V
如果您(先生/太太)繼續從事去年的工作，請問您(先生/太太)的職位或工作內容沒有改變,,C26B/如果您(先生/太太)繼續從事去年的工作，請問您(先生/太太)的職位或工作內容有改變嗎?,A19B04/如果您(先生/太太)繼續從事去年的工作，請問您(先生/太太)的職位或工作內容沒有改變,,,,,,,,V
您(先生/太太)的這份工作是以何種方式找到的?,,C29/您(先生/太太)的這份工作是以何種方式找到的?,A23/您(先生/太太)的這份工作是以何種方式找到的?,,,,,,,,
在正常的情形下，您(先生/太太)這份工作平均每週大約工作__小時,,C31/在正常的情形下，您(先生/太太)這份工作平均每週大約工作幾個小時?__小時,A25/在正常的情形下，您(先生/太太)這份工作平均每週大約工作__小時,,,,,,,,V
請問您目前與母親__人同住,,D04Z02/您目前與已婚兒子__人同住,C04Z02/請問你目前與已婚兒子__人同住,,b04b02/請問您目前與母親__人同住,,,,,,
請問您目前與受訪者配偶__人同住,,D04Z03/您目前與已婚女兒__人同住,C04Z03/請問你目前與已婚女兒__人同住,,b04b03/請問您目前與受訪者配偶__人同住,,,,,,V
請問您目前與未婚兒子__人同住,,D04Z04/您目前與未婚兒子__人同住,C04Z04/請問你目前與未婚兒子__人同住,,b04b08/請問您目前與未婚兒子__人同住,,,,,,
請問您目前與未婚女兒__人同住,,D04Z05/您目前與未婚女兒__人同住,C04Z05/請問你目前與未婚女兒__人同住,,b04b09/請問您目前與未婚女兒__人同住,,,,,,
請問您目前與孫子女__人同住,,D04Z06/您目前與孫子女__人同住,C04Z06/請問你目前與孫子女__人同住,,b04b30/請問您目前與孫子女__人同住,,,,,,
請問您目前與兒子配偶__人同住,,D04Z07/您目前與子女配偶__人同住,C04Z07/請問你目前與子女配偶__人同住,,b04b10/請問您目前與兒子配偶__人同住,,,,,,
請問您目前與父親__人同住,,D04Z08/您目前與父母__人同住,C04Z08/請問你目前與父母__人同住,,b04b01/請問您目前與父親__人同住,,,,,,
請問您目前與配偶父親__人同住,,D04Z09/您目前與配偶父母__人同住,C04Z09/請問你目前與配偶父母__人同住,,b04b04/請問您目前與配偶父親__人同住,,,,,,
請問您目前與其他親屬__人同住,,D04Z10/您目前與其他親屬__人同住,C04Z10/請問你目前與其他親屬__人同住,,b04b32/請問您目前與其他親屬__人同住,,,,,,
請問您目前與非親屬__人同住,,D04Z11/您目前與非親屬__人同住,C04Z11/請問你目前與非親屬__人同住,,b04b33/請問您目前與非親屬__人同住,,,,,,
請問您去年一年有沒有搬家?,,D05/請問您去年一年有沒有搬家?,C05/請問您去年一年有沒有搬家?,B06/請問您去年一年有沒有搬遷(搬住的地方)?,b06/請問您去年一年有沒有搬遷(搬住的地方)?,b06/請問您去年一年有沒有搬遷(搬住的地方)?,,,,,
您搬家的主要原因是什麼?,,D06/您搬家的主要原因是什麼?,C06/您搬家的主要原因是什麼?,B07/您搬遷的主要原因是什麼?,b07/您搬遷的主要原因是什麼?,b07/您搬遷的主要原因是什麼?,b07/您搬遷的主要原因是什麼?,b07/您搬遷的主要原因是什麼,b05/您搬遷的主要原因是什麼?,b02/您搬遷的主要原因是什麼?,
租金每月多少?__元,,D07B/租金每月多少?__元,,,b08b/住宅狀況:租金每月多少?__元,b08b/租金每月多少?__元,b08b/住宅狀況:租金每月多少?__元,,b06b/租金每月多少?__元,,
房屋建坪多大?__坪,,D07C01/房屋建坪多大?__坪,,B08C01/房屋建坪多大__坪,b08c01/住宅狀況:房屋建坪多大?__坪,b08c01/房屋建坪多大?__坪,b08c01/住宅狀況:房屋建坪多大?__坪,,b06d01/房屋建坪多大?房屋__坪,,
庭院__坪,,D07C02/庭院__坪,,,,b08c02/庭院__坪,,,,,
房間數:__廳,,D07D02/房間數:__廳,,,,,,b08e02/房間數多少 __廳,,,
您現在住的住宅有無房屋貸款?,,D07E/有無房屋貸款?,,B08E/有無房屋貸款?,b08e/住宅狀況:您現在住的住宅有無房屋貸款?,b08e/您現在住的住宅有無房屋貸款?,b08e/您現在住的住宅有無房屋貸款?,b08c/您現在住的住宅有無房屋貸款,b06c/您現在住的住宅有無房屋貸款?,b03c/您現在住的住宅有無房屋貸款?,
住宅的型式是?,,D07G/住宅的型式是?,,B08G/住宅的型式是?,b08g/住宅狀況:住宅的型式是?,b08g/住宅的型式是?,b08g/住宅的型式是?,b08g/住宅的型式是,b06g/住宅的型式是?,b03g/住宅的型式是?,
住宅在第幾層樓?住在第__樓,,D07H/住宅在第幾層樓?住在第__樓,C08H/住宅在第幾層樓?住在第__樓,,,b08h/住宅在第幾層樓?住在第__樓,,,b06h/住宅在第幾層樓?住在第__樓,b03h/住宅在第幾層樓?住在第__樓,V
住宅在第幾層樓?住在第__樓,,D07H/住宅在第幾層樓?住在第__樓,,B08F/居住約幾個月?,b08f/住宅狀況:居住約幾個月?__月,b08f/居住約幾個月?,b08f/居住約幾個月?,b08h/住宅在第幾層樓,b06h/住宅在第幾層樓?住在第__樓,b03h/住宅在第幾層樓?住在第__樓,V
請問您現在的住宅有沒有做其他用途?,,D08/請問您現在的住宅有沒有做其他用途?,C09/請問您現在的住宅有沒有做其他用途?,B10/請問您現在的住宅有沒有做其他用途?,b10/請問您現在的住宅有沒有做其他用途?,b10/請問您現在的住宅有沒有做其他用途?,,b10/請問您現在的住宅有沒有做其他用途,b08/請問您現在的住宅有沒有做其他用途?,,
請問您有沒有打算在兩年之內搬家?,,D09/請問您有沒有打算在兩年之內搬家?,C11/請問您有沒有打算在兩年之內搬家?,B11/請問您有沒有打算在兩年之內搬遷?,b11/請問您有沒有打算在兩年之內搬遷?,b11/請問您有沒有打算在兩年之內搬遷?,b11/請問您有沒有打算在兩年之內搬遷?,b11/請問您有沒有打算在兩年之內搬遷,b10/請問您有沒有打算在兩年之內搬遷?,b06/請問您有沒有打算在兩年之內搬遷?,
請問您父親目前的健康情形如何?,,D10A/請問您父親目前的健康情形如何?,C12A/請問您父親目前的健康情形如何?,B12A/請問您父親目前的健康情形如何?,b14a/請問您父親目前的健康情形如何?,b14a/請問您父親目前的健康情形如何?,b14a/請問您父親目前的健康情形如何?,,b20af1/請問您父親目前的健康狀況?,b14af1/請問您父親目前的健康狀況?,
請問您母親目前的健康情形如何?,,D10B/請問您母親目前的健康情形如何?,C12B/請問您母親目前的健康情形如何?,B12B/請問您母親目前的健康情形如何?,b14b/請問您母親目前的健康情形如何?,b14b/請問您母親目前的健康情形如何?,,,b20am1/請問您母親目前的健康狀況?,b14am1/請問您母親目前的健康狀況?,V
請問您配偶父親目前的健康情形如何?,,D10C/請問您配偶父親目前的健康情形如何?,C12C/請問您配偶父親目前的健康情形如何?,B12C/請問您配偶父親目前的健康情形如何?,b14d/請問您配偶父親目前的健康情形如何?,b18b/請問您配偶父親目前的健康情形如何?,,,b23bf2/請問您配偶父親目前的健康狀況?,b19af2/請問您配偶父親目前的健康狀況?,
請問您配偶母親目前的健康情形如何?,,D10D/請問您配偶母親目前的健康情形如何?,C12D/請問您配偶母親目前的健康情形如何?,B12D/請問您配偶母親目前的健康情形如何?,b14e/請問您配偶母親目前的健康情形如何?,b18c/請問您配偶母親目前的健康情形如何?,,,b23bm2/請問您配偶母親目前的健康狀況?,b19am2/請問您配偶母親目前的健康狀況?,
子女2:排行,,D11AC2/子女2:排行,C13AC2/(子女2)排行,,,,,,,,
子女3:排行,,D11AC3/子女3:排行,C13AC3/(子女3)排行,,,,,,,,
子女4:排行,,D11AC4/子女4:排行,C13AC4/(子女4)排行,B13AC4/子女4:排行,,,,,,,
(子女1)去年到現在有否搬家,,D11BC1/子女1:去年到現在有否搬家,C13BC1/(子女1)去年到現在有否搬家,B13GC1/子女1:去年到現在有否改變住處?,,,,,,,
子女2:去年到現在有否搬家,,D11BC2/子女2:去年到現在有否搬家,C13BC2/(子女2)去年到現在有否搬家,B13GC2/子女2:去年到現在有否改變住處?,,,,,,,
子女3:去年到現在有否搬家,,D11BC3/子女3:去年到現在有否搬家,C13BC3/(子女3)去年到現在有否搬家,B13GC3/子女3:去年到現在有否改變住處?,,,,,,,
子女4:去年到現在有否搬家,,D11BC4/子女4:去年到現在有否搬家,C13BC4/(子女4)去年到現在有否搬家,B13GC4/子女4:去年到現在有否改變住處?,,,,,,,
父親去年到現在有否改變住處?,,D11BP1/父母:去年到現在有否搬家,C13BP1/(父母)去年到現在有否搬家,B13GF1/父親去年到現在有否改變住處?,,,,,,,
配偶父親去年到現在有否改變住處?,,D11BP2/配偶父母:去年到現在有否搬家,C13BP2/(配偶父母)去年到現在有否搬家,B13GF2/配偶父親去年到現在有否改變住處?,,,,,,,
子女1:住處與您的距離多遠?,,D11CC1/子女1:住處與您的距離多遠?,,B13HC1/子女1:住處與您的距離多遠?,,b13gc1/子女1住處與您的距離多遠?,,,,,
(子女2)住處與您的距離多遠?,,D11CC2/子女2:住處與您的距離多遠?,C13CC2/(子女2)住處與您的距離多遠?,B13HC2/子女2:住處與您的距離多遠?,,,,,,,
子女3:住處與您的距離多遠?,,D11CC3/子女3:住處與您的距離多遠?,C13CC3/(子女3)住處與您的距離多遠?,B13HC3/子女3:住處與您的距離多遠?,,,,,,,
子女3:住處與您的距離多遠?,,D11CC3/子女3:住處與您的距離多遠?,,B13HC4/子女4:住處與您的距離多遠?,,b13gc3/子女3目前住處與您的距離多遠?,,,,,V
子女4:住處與您的距離多遠?,,D11CC4/子女4:住處與您的距離多遠?,,B13HC4/子女4:住處與您的距離多遠?,,b13gc4/子女4目前住處與您的距離多遠?,,,,,V
父親住處與您距離多遠?,,D11CP1/父母:住處與您的距離多遠?,C13CP1/(父母)住處與您的距離多遠?,B13HF1/父親住處與您距離多遠?,,,,,,,
子女1:你們之間去年的聯絡狀況每月打電話次數?不同住者,,D11D01C1/子女1:你們之間去年的聯絡狀況每月打電話次數?不同住者,C13D01C1/若(子女1)不與受訪者同住，你們之間去年的聯絡狀況為每月打電話次數?,B13IC1/子女1:去年與您的聯絡狀況每月打電話次數?,,,,,,,
子女2:你們之間去年的聯絡狀況每月打電話次數?不同住者,,D11D01C2/子女2:你們之間去年的聯絡狀況每月打電話次數?不同住者,C13D01C2/若(子女2)不與受訪者同住，你們之間去年的聯絡狀況為每月打電話次數?,B13IC2/子女2:去年與您的聯絡狀況每月打電話次數?,,,,,,,
子女3:你們之間去年的聯絡狀況每月打電話次數?不同住者,,D11D01C3/子女3:你們之間去年的聯絡狀況每月打電話次數?不同住者,C13D01C3/若(子女3)不與受訪者同住，你們之間去年的聯絡狀況為每月打電話次數?,B13IC3/子女3:去年與您的聯絡狀況每月打電話次數?,,,,,,,
請問您過去一年裡，教育費用__元,,E03D/請問您過去一年裡，教育費用__元,,C09D/請問您(和您配偶)過去一年裡，支出教育費用__元,d09d/請問您(和您配偶)過去一年裡，支出教育費用__元,,c09c/請問您(和您配偶)過去一年裡，教育費用__元,,,,
請問您(和您配偶)過去一年裡，支出醫療費用__元,,E03E/請問您過去一年裡，醫療費用__元,,C09E/請問您(和您配偶)過去一年裡，支出醫療費用__元,d09e/請問您(和您配偶)過去一年裡，支出醫療費用__元,,,,,,
請問你本人目前是否有自己的經常性收入?,,H01A/請問你本人目前是否有自己的經常性收入?,,,e01a/請問您本人目前是否有自己的經常性收入?,,,,,,
請問您的配偶目前是否有(他/她)自己的收入?,,H02A/請問你的配偶目前是否有他(她)自己的收入?,,,e02a/請問您的配偶目前是否有(他/她)自己的收入?,,,,,,
分(訪問結束時間) ;,,H05Z04/分(訪問結束時間) ;,,,,,e06z04/訪問結束時間_分 ;,,,,
請問過去一年來，您的生活過得好不好?,,,A01/請問過去一年來，您的生活過得好不好?,A03/請問過去一年來，您的生活過得好不好?,a03b/請問過去一年來，您的生活過得好不好?(1代表很不好，7代表很好),a03b/請問過去一年來，您的生活過得好不好?(01代表很不好，07代表很好),a03b/請問過去一年來，您的生活過得好不好?(1代表很不好，7代表很好),,a03b/請問過去一年來，您的生活過得好不好?,a03d/請問過去一年來，您的生活過得好不好?,
請問您是否自願離開原來的工作單位?,,,A04A/請問您是否自願離開原來的工作單位?,A10A/請問您是否自願離開原來的工作單位?,a07a/請問您是否自願離開原來的工作單位?,a07a/請問您是否自願離開原來的工作?,a07a/請問您是否自願離開原來的工作?,a07a/請問您是否自願離開原來的工作,,,V
請問您自願離開原來工作單位的原因是什麼?,,,A04B/請問您自願離開原來工作單位的原因是什麼?,A10B/請問您自願離開原來工作單位的原因是什麼?,a07b/請問您自願離開原來工作單位的原因是什麼?,a07b/請問您自願離開原來工作(單位)的原因是什麼?,a07b/請問您自願離開原來工作的原因是什麼?,a07b/請問您自願離開原來工作的主要原因是什麼,,,V
請問您非自願離開原來工作單位的原因是什麼?,,,A04C/請問您非自願離開原來工作單位的原因是什麼?,A10C/請問您非自願離開原來工作單位的原因是什麼?,a07c/請問您非自願離開原來工作單位的原因是什麼?,a07c/請問您非自願離開原來工作(單位)的原因是什麼?,a07c/請問您非自願離開原來工作的原因是什麼?,a07c/請問您非自願離開原來工作的主要原因是什麼,,,V
請問這份兼差是在為誰工作?,,,A11B/請問這份兼差是在為誰工作?,A19B/請問這份兼差是在為誰工作?,a13b/請問這份兼差是在為誰工作?,a13b/請問這份兼差是在為誰工作?,a13b/請問這份兼差是在為誰工作?,a13b/請問這份兼差是在為誰工作,a13b/請問這份兼差是在為誰工作?,a14b/請問這份兼差是在為誰工作?,
這份兼差平均每個月的總收入大約有多少?,,,A11C/這份兼差平均每個月的總收入大約有多少?__元,A19C/這份兼差平均每個月的總收入大約有多少?,a13c/這份兼差平均每個月的總收入大約有多少?,a13c/這份兼差平均每個月的總收入大約有多少?,a13c/這份兼差平均每個月的總收入大約有多少?,a13c/這份兼差平均每個月的總收入大約有多少__元,a13d/這份兼差平均每個月的總收入大約有多少?__元,a14d/這份兼差平均每個月的總收入大約有多少?__元,
請問您(先生/太太)是否自願離開原來的工作單位?,,,A20A/請問您(先生/太太)是否自願離開原來的工作單位?,A10A/請問您是否自願離開原來的工作單位?,a07a/請問您是否自願離開原來的工作單位?,a07a/請問您是否自願離開原來的工作?,a07a/請問您是否自願離開原來的工作?,a07a/請問您是否自願離開原來的工作,,,V
請問您(先生/太太)自願離開原來工作單位的原因是什麼?,,,A20B/請問您(先生/太太)自願離開原來工作單位的原因是什麼?,A10B/請問您自願離開原來工作單位的原因是什麼?,a07b/請問您自願離開原來工作單位的原因是什麼?,a07b/請問您自願離開原來工作(單位)的原因是什麼?,a07b/請問您自願離開原來工作的原因是什麼?,a07b/請問您自願離開原來工作的主要原因是什麼,,,V
請問您(先生/太太)非自願離開原來工作單位的原因是什麼?,,,A20C/請問您(先生/太太)非自願離開原來工作單位的原因是什麼?,A10C/請問您非自願離開原來工作單位的原因是什麼?,a07c/請問您非自願離開原來工作單位的原因是什麼?,a07c/請問您非自願離開原來工作(單位)的原因是什麼?,a07c/請問您非自願離開原來工作的原因是什麼?,a07c/請問您非自願離開原來工作的主要原因是什麼,,,V
您(先生/太太)這份工作的地點是在那裡?,,,A22A01/您(先生/太太)這份工作的地點是在那裡?,,a09b01/您這份工作的工作地點是在那裡?,a09b01/您這份工作的工作地點是在那裡?,,a09b01/您這份工作的工作地點是在那裡,a07c01/您這份工作的工作地點是在那裡?,,
您(先生/太太)工作地點的地區代碼,,,A22A02/您(先生/太太)工作地點的地區代碼,,,a09b02/工作地點地區碼,,,a07c02/您這份工作的工作地點地區碼是?,,
請問您(先生/太太)過去這一個月之內有沒有在找工作?若有，到目前為止已找了__月,,,A27A02/請問您(先生/太太)過去這一個月之內有沒有在找工作?若有，到目前為止已找了__月,,,,,,a15a02/從開始找工作到目前為止已找了多久?__月,,
請問您(先生/太太)過去這一個月之內有沒有在找工作?若有，到目前為止已找了__週,,,A27A03/請問您(先生/太太)過去這一個月之內有沒有在找工作?若有，到目前為止已找了__週,,,,,,a15a03/從開始找工作到目前為止已找了多久?又__週,,
您(先生/太太)最主要用什麼方法找尋工作?,,,A27B/您(先生/太太)最主要用什麼方法找尋工作?,,,,,,a15b/請問過去這一個月，您最主要用什麼方法找尋工作?,,
請問你目前與受訪者配偶__人同住,,,C04Z01/請問你目前與受訪者配偶__人同住,,b04b03/請問您目前與受訪者配偶__人同住,,,,,,V
請問您的父母住安養機構?,,,C14D09/請問您的父母住安養機構?,B14D09/請問您的父親有沒有獨居?,,,,,,,V
請問您的父母與其他人同住?,,,C14D10/請問您的父母與其他人同住?,B14D10/請問您的父親有沒有住安養機構?,,,,,,,V
在去年(97)之中，您的家庭是否曾經從兄弟姊妹得到資助或貸款?,,,C15Z01/在去年之中，您的家庭是否曾經從兄弟姊妹得到資助或貸款?,B17Z01/在去年(94年)之中，您的家庭是否曾經從兄弟姊妹得到資助或貸款?,b17z01/在去年之中，您的家庭是否曾經從兄弟姊妹得到資助或貸款?,b22z01/在去年之中，您的家庭是否曾經從兄弟姊妹得到資助或貸款?,b39z01/在去年(97)之中，您的家庭是否曾經從兄弟姊妹得到資助或貸款?,,,,
在去年(97)之中，您的家庭是否曾經從配偶的兄弟姊妹得到資助或貸款?,,,C15Z02/在去年之中，您的家庭是否曾經從配偶的兄弟姊妹得到資助或貸款?,B17Z02/在去年(94年)之中，您的家庭是否曾經從配偶的兄弟姊妹得到資助或貸款?,b17z02/在去年之中，您的家庭是否曾經從配偶的兄弟姊妹得到資助或貸款?,b22z02/在去年之中，您的家庭是否曾經從配偶的兄弟姊妹得到資助或貸款?,b39z02/在去年(97)之中，您的家庭是否曾經從配偶的兄弟姊妹得到資助或貸款?,,,,
在去年之中，您的家庭是否曾經從其他親戚得到資助或貸款?,,,C15Z03/在去年之中，您的家庭是否曾經從其他親戚得到資助或貸款?,B17Z03/在去年(94年)之中，您的家庭是否曾經從其他親戚得到資助或貸款?,b17z03/在去年之中，您的家庭是否曾經從其他親戚得到資助或貸款?,,b39z03/在去年(97)之中，您的家庭是否曾經從其他親戚得到資助或貸款?,,,,
在去年之中，您的家庭是否曾經從朋友或同事得到資助或貸款?,,,C15Z04/在去年之中，您的家庭是否曾經從朋友或同事得到資助或貸款?,B17Z04/在去年(94年)之中，您的家庭是否曾經從朋友或同事得到資助或貸款?,b17z04/在去年之中，您的家庭是否曾經從朋友或同事得到資助或貸款?,b22z04/在去年之中，您的家庭是否曾經從朋友或同事得到資助或貸款?,b39z04/在去年(97)之中，您的家庭是否曾經從朋友或同事得到資助或貸款?,,,,
請問過去一年來，您與您配偶有沒有接受您配偶父母在一般生活費上的資助?若有，平均每個月大約__元,,,C16A02/請問過去一年來，您與您配偶有沒有接受您配偶父母在一般生活費上的資助?若有，平均每個月大約__元,B15A02/請問過去一年來，您配偶的父母給您(或您配偶)一般生活費上的資助，平均每個月大約__元,b16a02/請問過去一年來，您配偶的父母給您(或您配偶)一般生活費上的資助，平均每個月大約__元,b19a02/請問過去一年來，您配偶的父母有給您(或您配偶)一般生活費上的資助，平均每個月大約__元,,,,,
請問過去一年來，您與您配偶有沒有給您配偶父母零用金，生活費或節慶紅包?若有，平均每個月大約__元,,,C16B02/請問過去一年來，您與您配偶有沒有給您配偶父母零用金，生活費或節慶紅包?若有，平均每個月大約__元,B15B02/請問過去一年來，您(或您配偶)給您配偶父母零用金，生活費或節慶紅包，平均每個月大約__元,b16b02/請問過去一年來，您(或您配偶)給您配偶父母零用金，生活費或節慶紅包平均每個月大約__元,b19b02/請問過去一年來，您(或您配偶)有給您配偶父母零用金、生活費或節慶紅包，平均每個月大約__元,,,,,
請問您配偶的父母與未婚子女同住?,,,C16D04/請問您配偶的父母與未婚子女同住?,B15D04/請問您的配偶父親有沒有與他的未婚兒子同住?,b16d04/請問您配偶的父親平常有沒有與他的未婚兒子同住?,,,,,,
請問您配偶的父母住安養機構?,,,C16D09/請問您配偶的父母住安養機構?,B15D09/請問您的配偶父親有沒有獨居?,b16d09/請問您配偶的父親平常有沒有獨居?,,,,,,V
請問您配偶的父母與其他人同住?,,,C16D10/請問您配偶的父母與其他人同住?,B15D10/請問您的配偶父親有沒有住安養機構?,b16d10/請問您配偶的父親平常有沒有住安養機構?,,,,,,V
在去年之中，如果您有工作的話，全部的工作收入大約有多少(包括正常的收入，加班費，分紅，佣金，三節獎金，年終獎金等)?,,,D03A01/在去年之中，如果您有工作的話，全部的工作收入大約有多少(包括正常的收入，加班費，分紅，佣金，三節獎金，年終獎金等)?,C03A01/在去年(94年)之中，如果您有工作的話，全部的工作收入大約有多少(包括正常的收入，加班費，分紅，佣金，三節獎金，年終獎金等)?,,c03a01/在去年(96年)之中，如果您有工作的話，全部的工作收入大約有多少(包括正常的收入、加班費、分紅、佣金、三節獎金、年終獎金等)?,c03a01/在去年(97年)之中，如果您有工作的話，全部的工作收入大約有多少?,,c03a01/在去年之中，如果您有工作的話，全部的工作收入大約有多少(包括正常的收入、加班費、分紅、佣金、三節獎金、年終獎金及兼差收入等),,
若有工作，在去年(94年)之中，您全部的工作收入(包括正常的收入，加班費，分紅，佣金，三節獎金，年終獎金等)大約__元,,,D03A02/在去年之中，如果您有工作的話，全部的工作收入大約有多少(包括正常的收入，加班費，分紅，佣金，三節獎金，年終獎金等)?若有工作，過去一年的收入大約__元,C03A02/若有工作，在去年(94年)之中，您全部的工作收入(包括正常的收入，加班費，分紅，佣金，三節獎金，年終獎金等)大約__元,d03a02/若有工作，在去年(95年)之中，您全部的工作收入大約__元,c03a02/在去年(96年)之中，如果您有工作的話，過去一年的收入大約__元,c03a02/若您有工作，過去一年的收入大約__元,,c03a02/在去年之中，如果您有工作的話，全部的工作收入大約有多少?_____元?,c04a02/若您過去一年有工作，收入大約__元,
在去年之中，您是否曾經領取退休金?(1999及2000抽樣樣本作答),,,D04A01/在去年之中，您是否曾經領取退休金?,,,,,,c04a01/在去年之中，您是否曾經領取退休金?(1999及2000抽樣樣本作答),,
在去年之中，您是否曾經領取退休金?有，一次領取，總共__元,,,D04A04/在去年之中，您是否曾經領取退休金?有，一次領取，總共__元,C04A04/請問在去年(94年)之中，您一次領清退休金，總共__元,d04a04/在去年(95年)之中，您一次領清退休金，總共__元,c04a04/在去年(96年)之中，您一次領清退休金，總共__元,,,c04a04/您領取退休金的方式?一次領清，總共____元,,
在去年之中，您配偶是否曾經領取退休金?(1999及2000抽樣樣本作答),,,D04B01/在去年之中，您的配偶是否曾經領取退休金?,,,,,,c04b01/在去年之中，您配偶是否曾經領取退休金?(1999及2000抽樣樣本作答),,V
請問在去年(94年)之中，您的配偶按月領取退休金，每月__元,,,D04B02/在去年之中，您的配偶是否曾經領取退休金?有，按月領取，每月__元,C04B02/請問在去年(94年)之中，您的配偶按月領取退休金，每月__元,d04b02/在去年(95年)之中，您的配偶按月領取退休金，每月__元,c04b02/在去年(96年)之中，您的配偶按月領取退休金，每月__元,,,,,V
在去年之中，您的配偶是否曾經領取退休金?有，按年領取，每年__元,,,D04B03/在去年之中，您的配偶是否曾經領取退休金?有，按年領取，每年__元,C04B03/請問在去年(94年)之中，您的配偶按年領取退休金，每年__元,d04b03/在去年(95年)之中，您的配偶按年領取退休金，每年__元,c04b03/在去年(96年)之中，您的配偶按年領取退休金，每年__元,,,c04b03/您配偶領取退休金的方式?按年領取，每年____元,,
請問在去年(94年)之中，您的配偶一次領清退休金，總共__元,,,D04B04/在去年之中，您的配偶是否曾經領取退休金?有，一次領取，總共__元,C04B04/請問在去年(94年)之中，您的配偶一次領清退休金，總共__元,d04b04/在去年(95年)之中，您的配偶一次領清退休金，總共__元,c04b04/在去年(96年)之中，您的配偶一次領清退休金，總共__元,,,,,
請問在去年(94年)之中，您的配偶分數次領取退休金，總共__元,,,D04B05/在去年之中，您的配偶是否曾經領取退休金?有，每年分數次，總共__元,C04B05/請問在去年(94年)之中，您的配偶分數次領取退休金，總共__元,d04b05/在去年(95年)之中，您的配偶分數次領取退休金，總共__元,c04b05/在去年(96年)之中，您的配偶每年分數次退休金，總共__元,,,,,
您或您的配偶若有其他收入來源，去年的收入大約__元,,,D05Z08/您或您的配偶若有其他收入來源，去年的收入大約__元,C05Z08/除了上面所談到的這些收入之外，您或您的配偶去年的其他收入大約__元,d05z08/除了上面所談到的這些收入之外，您或您的配偶去年的其他收入大約__元,,,,,c14z08/若您或您的配偶有其他收入來源，去年的收入大約__元,
在去年(1-12月份)之中，您是否曾經領取政府失業保險金?,,,D06A01/在去年(1-12月份)之中，您是否曾經領取政府失業保險金?,C06A/在94年1月到12月之中，您是否曾經領取政府失業保險金?,,,,,,,
在去年之中，您的家庭是否曾經得到政府的中低收入戶生活補助?,,,D07A01/在去年之中，您的家庭是否曾經得到政府的中低收入戶生活補助?,C07A01/在去年之中，您的家庭是否曾經得到政府的中低收入戶生活補助?,d06a01/在去年之中，您的家庭是否曾經得到政府的中低收入戶生活補助?,c06a01/在去年之中，您的家庭是否曾經得到政府的中低收入戶生活補助,c06a01/在去年之中，您的家庭是否曾經得到政府的中低收入戶生活補助?,,c06a01/在去年之中，您的家庭是否曾經得到政府的中低收入戶生活補助?,c15b01/在去年(106年)之中，您的家庭是否曾經得到政府的中低收入戶生活補助?,
在去年之中，您的家庭是否曾經得到政府的傷病醫療費用補助?,,,D07A02/在去年之中，您的家庭是否曾經得到政府的傷病醫療費用補助?,C07A02/在去年之中，您的家庭是否曾經得到政府的傷病醫療費用補助?,d06a02/在去年之中，您的家庭是否曾經得到政府的傷病醫療費用補助?,c06a02/在去年之中，您的家庭是否曾經得到政府的傷病醫療費用補助,c06a02/在去年之中，您的家庭是否曾經得到政府的傷病醫療費用補助?,,c06a02/在去年之中，您的家庭是否曾經得到政府的傷病醫療費用補助?,,
在去年(106年)之中，您的家庭是否曾經得到政府的教育補助(含五歲幼兒學費補助)?,,,D07A04/在去年之中，您的家庭是否曾經得到政府的教育補助?,C07A03/在去年之中，您的家庭是否曾經得到政府的教育補助?,d06a03/在去年之中，您的家庭是否曾經得到政府的教育補助?,c06a03/在去年之中，您的家庭是否曾經得到政府的教育補助,c06a03/在去年之中，您的家庭是否曾經得到政府的教育補助?,,c06a03/在去年之中，您的家庭是否曾經得到政府的教育補助(含五歲幼兒學費補助)?,c15b03/在去年(106年)之中，您的家庭是否曾經得到政府的教育補助(含五歲幼兒學費補助)?,
在去年之中，您的家庭是否曾經得到政府的兒童托育補助?,,,D07A04/在去年之中，您的家庭是否曾經得到政府的教育補助?,C07A04/在去年之中，您的家庭是否曾經得到政府的兒童托育補助?,d06a04/在去年之中，您的家庭是否曾經得到政府的兒童托育補助?,c06a04/在去年之中，您的家庭是否曾經得到政府的兒童托育補助,c06a04/在去年之中，您的家庭是否曾經得到政府的兒童托育補助?,,c06a04/在去年之中，您的家庭是否曾經得到政府的兒童托育補助?,,V
在去年(106年)之中，您的家庭是否曾經得到政府的兒童托育補助?,,,D07A05/在去年之中，您的家庭是否曾經得到政府的兒童托育補助?,C07A04/在去年之中，您的家庭是否曾經得到政府的兒童托育補助?,d06a04/在去年之中，您的家庭是否曾經得到政府的兒童托育補助?,c06a04/在去年之中，您的家庭是否曾經得到政府的兒童托育補助,c06a04/在去年之中，您的家庭是否曾經得到政府的兒童托育補助?,,c06a04/在去年之中，您的家庭是否曾經得到政府的兒童托育補助?,c15b05/在去年(106年)之中，您的家庭是否曾經得到政府的兒童托育補助?,V
在去年之中，您的家庭是否曾經得到政府的老人津貼補助?,,,D07A06/在去年之中，您的家庭是否曾經得到政府的老人津貼補助?,C07A05/在去年之中，您的家庭是否曾經得到政府的老人津貼?,d06a05/在去年之中，您的家庭是否曾經得到政府的老人津貼(含老農津貼)?,c06a05/在去年之中，您的家庭是否曾經得到政府的老人津貼(含老農津貼),c06a05/在去年之中，您的家庭是否曾經得到政府的老人津貼(含老農津貼)?,,c06a05/在去年之中，您的家庭是否曾經得到政府的老人津貼(含老農津貼)?,,
在去年之中，您的家庭是否曾經得到政府的其他補助?,,,D07A07/在去年之中，您的家庭是否曾經得到政府的其他補助?,C07A08/在去年之中，您的家庭是否曾經得到政府的其他補助?,d06a08/在去年之中，您的家庭是否曾經得到政府的其他補助?,c06a09/在去年之中，您的家庭是否曾經得到政府的其他補助,c06a10/在去年之中，您的家庭是否曾經得到政府的其他補助?,,,,
在過去一年裡，您(和您配偶)房屋貸款支出平均每月__元?,,,D08A/在過去一年裡，您家中每個月的平均支出情況大約是?房屋貸款支出平均每月__元,,d08a/在過去一年裡，您(和您配偶)房屋貸款支出平均每月__元,c08a/在過去一年裡，您(和您配偶)房屋貸款支出平均每月__元,c08a/在過去一年裡，您(和您配偶)房屋貸款支出平均每月__元,,c08a/在過去一年裡，您(和您配偶)房屋貸款支出平均每月__元,c16a/在過去一年裡，您(和您配偶)房屋貸款支出平均每月__元?,
保姆或幫傭支出平均每月__元,,,D08C/保姆或幫傭支出平均每月__元,,,c08c/保姆或幫傭(包括家事管理)支出平均每月__元,,,,,
您過去一年裡，下列各項支出情況:教育費用__元,,,D09D/您過去一年裡，下列各項支出情況:教育費用__元,,,c09c/請問您(和您配偶)過去一年裡，下列各項支出情況:教育費用__元,,,,,
請問您一共有幾個小孩?,,,E01/請問您目前有幾個小孩?__個小孩,,b12/請問您目前有幾個小孩?,b12/請問您目前有幾個小孩?__個小孩,b12/請問您目前有幾個小孩?,,b13/請問您一共有幾個小孩?,b11/請問您目前有幾個小孩?,
請問您目前信什麼教?,,,I01A/請問您目前信什麼教?,,,,,,,e06a/請問您目前信什麼教?,
您皈依佛教多久了?__年,,,I01B01/您皈依佛教多久了?__年,,,,,,,e06b01/您皈依佛教多久了?__年,
您皈依佛教多久了?__月,,,I01B02/您皈依佛教多久了?__月,,,,,,,e06b02/您皈依佛教多久了?又__月,
訪問開始時間_時,,,X02Z03/訪問開始時間:時,,x03z03/訪問開始時間__時,,x03z03/訪問開始時間_時,,,,V
訪問開始時間__時,,,X02Z03/訪問開始時間:時,,x03z03/訪問開始時間__時,,x03z04/訪問開始時間_分,,,,V
訪問開始時間__分,,,X02Z04/訪問開始時間:分,,x03z04/訪問開始時間__分,,x03z03/訪問開始時間_時,,,,V
訪問開始時間_分,,,X02Z04/訪問開始時間:分,,x03z04/訪問開始時間__分,,x03z04/訪問開始時間_分,,,,V
受訪者性別,,,,A01/受訪者性別,a01/受訪者性別,a01/受訪者性別,a01/受訪者性別,a01/受訪者性別,a01/受訪者性別,a01/受訪者性別,
您覺得自己現在的健康狀況和一年以前比較起來如何?,,,,A04B/您覺得自己現在的健康狀況和一年以前比較起來如何?,a04b/您覺得自己現在的健康狀況和一年以前比較起來如何?,a04b/您覺得自己現在的健康狀況和一年以前比較起來如何?,a04b/您覺得自己現在的健康狀況和一年以前比較起來如何?,a04b/您覺得自己現在的健康狀況和一年以前比較起來如何,a04b/您覺得自己現在的健康狀況和一年以前比較起來如何?,a04b/您覺得自己現在的健康狀況和一年以前比較起來如何?,
請問您最近兩星期有沒有因為身體不舒服或受傷而影響到生活作息(如工作，家事)的情形?,,,,A04C/請問您最近兩星期有沒有因為身體不舒服或受傷而影響到生活作息(如工作，家事)的情形?,a04c/請問您最近兩星期有沒有因為身體不舒服或受傷而影響到生活作息(如工作，家事)的情形?,a04c/請問您最近兩星期有沒有因為身體不舒服或受傷而影響到生活作息(如工作、家事)的情形?,a04c/請問您最近兩星期有沒有因為身體不舒服或受傷而影響到生活作息(如工作，家事)的情形?,a04c/請問您最近兩星期有沒有因為身體不舒服或受傷而影響到生活作息的情形,a04c/請問您最近兩星期有沒有因為身體不舒服而影響到生活作息(如工作、家事)的情形?,a04c/請問您最近兩星期有沒有因為身體不舒服或受傷而影響到生活作息的情形?,
您覺得您是屬於下列的哪種情況?,,,,A05/您覺得您是屬於下列的哪種情況?,,,a04e/您覺得您是屬於下列的哪種情況?,,,,
請問您的體重是多少公斤?,,,,A06/請問您的體重是多少公斤?,,d04/請問您的體重是__公斤,e04/請問您的體重是__公斤,,,,
如果您更換工作，請問您目前的工作與94年1月的工作有何不同?(可多選):雇主改變,,,,A08B04/如果您更換工作，請問您目前的工作與94年1月的工作有何不同?(可多選):雇主改變,a06z04/請問您目前的工作與95年1月的工作有何不同?職位改變,,,,,,V
您的這份新工作最主要是以何種方式找到的?,,,,A09/您的這份新工作最主要是以何種方式找到的?,a08a/您的這份新工作最主要是以何種方式找到的?,,,,,,
請問您是否自願離開原來的工作單位?,,,,A10A/請問您是否自願離開原來的工作單位?,a07a/請問您是否自願離開原來的工作單位?,a07a/請問您是否自願離開原來的工作?,a07a/請問您是否自願離開原來的工作?,a07a/請問您是否自願離開原來的工作,,,V
請問您是否自願離開原來的工作?,,,,A10A/請問您是否自願離開原來的工作單位?,a07a/請問您是否自願離開原來的工作單位?,a07a/請問您是否自願離開原來的工作?,a07a/請問您是否自願離開原來的工作?,a07a/請問您是否自願離開原來的工作,,,V
請問您是否自願離開原來的工作,,,,A10A/請問您是否自願離開原來的工作單位?,a07a/請問您是否自願離開原來的工作單位?,a07a/請問您是否自願離開原來的工作?,a07a/請問您是否自願離開原來的工作?,a07a/請問您是否自願離開原來的工作,,,V
請問您是否自願離開原來的工作?,,,,A10A/請問您是否自願離開原來的工作單位?,a07a/請問您是否自願離開原來的工作單位?,a07a/請問您是否自願離開原來的工作?,a07a/請問您是否自願離開原來的工作?,a07a/請問您是否自願離開原來的工作,,,V
請問您自願離開原來工作的主要原因是什麼,,,,A10B/請問您自願離開原來工作單位的原因是什麼?,a07b/請問您自願離開原來工作單位的原因是什麼?,a07b/請問您自願離開原來工作(單位)的原因是什麼?,a07b/請問您自願離開原來工作的原因是什麼?,a07b/請問您自願離開原來工作的主要原因是什麼,,,V
請問您非自願離開原來工作的主要原因是什麼,,,,A10C/請問您非自願離開原來工作單位的原因是什麼?,a07c/請問您非自願離開原來工作單位的原因是什麼?,a07c/請問您非自願離開原來工作(單位)的原因是什麼?,a07c/請問您非自願離開原來工作的原因是什麼?,a07c/請問您非自願離開原來工作的主要原因是什麼,,,V
請問您目前的工作是__行業,,,,A11A01/請問您目前的工作是__行業,a09a01/請問您目前的工作是__行業,a09a01/請問您目前的工作是__行業,a09a01/請問您目前的工作是__行業,,a07a01/請問您目前的工作是__行業,a08a01/請問您目前的工作是__行業,V
請問您目前的工作是__行業,,,,A11A01/請問您目前的工作是__行業,a09a01/請問您目前的工作是__行業,a09a01/請問您目前的工作是__行業,a09a02/請問您目前的工作是__職業,,a07a01/請問您目前的工作是__行業,a08a01/請問您目前的工作是__行業,V
請問您目前的工作是__職業,,,,A11A02/請問您目前的工作是__職業,a09a02/請問您目前的工作是__職業,a09a01/請問您目前的工作是__行業,a09a02/請問您目前的工作是__職業,a09a02/請問您目前的職業是,a07a02/請問您目前的工作是__職業,a08a02/請問您目前的工作是__職業,V
請問您目前的工作是__職業,,,,A11A02/請問您目前的工作是__職業,a09a02/請問您目前的工作是__職業,a09a02/請問您目前的工作是__職業,a09a02/請問您目前的工作是__職業,a09a02/請問您目前的職業是,a07a02/請問您目前的工作是__職業,a08a02/請問您目前的工作是__職業,V
平常您每天上下班總共需要交通時間，約__分鐘(以最常用的交通工具為主),,,,A12B02/平常您每天上下班總共需要交通時間，約__分鐘(以最常用的交通工具為主),a09c02/平常您每天上下班總共需要交通時間，約__分鐘(以最常用的交通工具為主),a09c02/平常您每天上下班總共需要交通時間約__分鐘,,a09c01/平常您每天上下班(來回)總共需要多少交通時間,,,V
平常您每天上下班總共需要交通時間，約__分鐘(以最常用的交通工具為主),,,,A12B02/平常您每天上下班總共需要交通時間，約__分鐘(以最常用的交通工具為主),a09c02/平常您每天上下班總共需要交通時間，約__分鐘(以最常用的交通工具為主),a09c02/平常您每天上下班總共需要交通時間約__分鐘,,,,,V
您這份工作收入是按月計酬?,,,,A13A02/您這份工作收入是按小時，按每月等方式定期收支，每月平均約__元,a10a03/您這份工作收入是按月計酬支領收入?,a10a03/您這份工作收入是否按月計酬,a10c02/您這份工作收入是按月計酬?,,,,V
您這份工作收入是按月計酬的?,,,,A13A03/您這份工作收入是獎金，分紅等不固定的收入?,a10a03/您這份工作收入是按月計酬支領收入?,a10a03/您這份工作收入是否按月計酬,a10c02/您這份工作收入是按月計酬?,a10c02/您這份工作收入是用什麼方式領的 (2) 按月計酬,a08c02/您這份工作收入是按月計酬?,a09b02/您這份工作收入是按月計酬的?,V
您這份工作哪一種方式領取的收入最多,,,,A13A04/您這份工作收入是獎金，分紅等不固定的收入，每月平均約__元,a10a06/您這份工作收入是獎金，分紅等不固定的收入，每月平均約__元,a10a06/您這份工作獎金、分紅等不固定的收入，每月平均約__元,a10c03/您這份工作收入是獎金，分紅等不固定的收入?,a10d/您這份工作哪一種方式領取的收入最多,a08c03/您這份工作收入是獎金(不含年終獎金)，分紅等不固定的收入?,a09b03/您這份工作收入是獎金(不含年終獎金)，分紅等不固定收入?,V
您這份工作收入是按件計酬?,,,,A13A05/您這份工作收入是按件計酬?,a10a07/您這份工作收入是按件計酬?,a10a07/您這份工作收入是否按件計酬,a10c04/您這份工作收入是按件計酬?,,a08c04/您這份工作收入是按件計酬?,a09b04/您這份工作收入是按件計酬的?,V
您這份工作收入是營業(收成)收入?,,,,A13A05/您這份工作收入是按件計酬?,a10a07/您這份工作收入是按件計酬?,,a10c04/您這份工作收入是按件計酬?,,a08c04/您這份工作收入是按件計酬?,a09b06/您這份工作收入是營業(收成)收入?,V
您這份工作收入是營業(收成)收入?,,,,A13A07/您這份工作收入是有其他來源?,a10a09/您這份工作收入是有其他來源?,a10a09/您這份工作收入是否用其他方式領的,a10c05/您這份工作收入是其他方式支領的?,a10c05/您這份工作收入是用什麼方式領的 (5) 其他方式(含年終獎金、營業收入等),a08c05/您這份工作收入是其他方式領取?,a09b06/您這份工作收入是營業(收成)收入?,V
您這份工作收入是其他方式支領的?,,,,A13A07/您這份工作收入是有其他來源?,a10a09/您這份工作收入是有其他來源?,a10a09/您這份工作收入是否用其他方式領的,a10c05/您這份工作收入是其他方式支領的?,,,,V
您這份工作收入是有其他來源?,,,,A13A07/您這份工作收入是有其他來源?,a10a09/您這份工作收入是有其他來源?,,,,,,V
您這份工作是有其他來源，每月平均約__元,,,,A13A08/您這份工作是有其他來源，每月平均約__元,a10a10/您這份工作收入是有其他來源，每月平均約__元,,,,,,
您這份工作哪一種方式領取的收入最多?,,,,A13B/您這份工作平均每個月的總收入大約有多少?__元,a10b/您這份工作平均每個月的總收入大約有多少?,a10b/您這份工作平均每個月的總收入大約有多少?,a10d/您這份工作哪一種方式領取的收入最多?,a10d/您這份工作哪一種方式領取的收入最多,a08d/您這份工作哪一種方式領取的收入最多?,a09c/您這份工作哪一種方式領取的收入最多?,V
除了上面所談到的這份工作之外，您目前還有其他有收入的兼差嗎?,,,,A18/除了上面所談到的這份工作之外，您目前還有其他有收入的兼差嗎?,a12/除了上面所談到的這份工作之外，您目前還有其他有收入的兼差嗎?,a12/除了上面所談到的這份工作之外，您目前還有其他有收入的兼差嗎?,a12/除了上面所談到的這份工作之外，您目前還有其他有收入的兼差嗎?,a12/除了上面所談到的這份工作之外，您目前還有其他有收入的兼差嗎,a13a/除了目前的這份工作之外，您還有其他有收入的兼差嗎?,a14a/除了目前的這份工作之外，您還有其他有收入的兼差嗎?,
請問您過去這一個月之內有沒有在找工作或準備開始創業(不含兼職)?,,,,A21A01/請問您過去這一個月之內有沒有在找工作或準備開始創業(不含兼職)?,a15b01/請問您過去這一個月之內有沒有在找工作或準備開始創業(不含兼差)?,a15b01/請問您過去這一個月之內有沒有在找工作或準備開始創業(不含兼差)?,a15b01/請問您過去這一個月之內有沒有在找工作或準備開始創業(不含兼差)?,a15a01/請問您過去這一個月之內有沒有在找工作或準備開始創業(不含兼差),a15a01/請問您過去這一個月之內有沒有在找工作或準備開始創業(不含兼差)?,a16a01/請問您過去這一個月之內有沒有在找工作或準備開始創業(不含兼差)?,V
請問您過去這一個月之內找工作或準備開始創業(不含兼職)，到目前為止已找了__月,,,,A21A02/請問您過去這一個月之內找工作或準備開始創業(不含兼職)，到目前為止已找了__月,,,,a15a01/請問您過去這一個月之內有沒有在找工作或準備開始創業(不含兼差),,,V
有，從開始找工作到目前為止已找了__週,,,,A21A03/請問您過去這一個月之內找工作或準備開始創業(不含兼職)，找了__週,a15b03/若有，從開始找工作到目前為止又找了__週,a15b03/有，從開始找工作到目前為止已找了__週,a15b03/若有，從開始找工作到目前為止又找了__週,,,,
請問(他/她)是在哪一年出生的?民國__年,,,,A23/請問(他/她)是在哪一年出生的?民國__年,a17/請問(他/她)是在哪一年出生的?民國__年,,a17z01/請問(他/她)是在哪一年出生的?民國__年,a17z01/請問(他/她)是在哪一年出生的,,,V
請問(他/她)是原住民，台灣閩南人，台灣客家人還是外省人(大陸各省市)?,,,,A24/請問(他/她)是原住民，台灣閩南人，台灣客家人還是外省人(大陸各省市)?,a18/請問(他/她)是原住民，台灣閩南人，台灣客家人還是外省人(大陸各省市)?,a18/請問(他/她)是原住民、台灣閩南人、台灣客家人還是外省人(大陸各省市)?,,,,,
請問(他/她)的最高教育程度是什麼?,,,,A25A/請問(他/她)的最高教育程度是什麼?,a19/請問(他/她)的最高教育程度是什麼?,a19/請問(他/她)的最高教育程度是什麼?,a18/請問(他/她)的最高教育程度是什麼?,a18/請問(他/她)的最高教育程度是什麼,a27/請問(他/她)的最高教育程度是什麼?,,
請問(他/她)目前的健康狀況如何?,,,,A26/請問(他/她)目前的健康狀況如何?,a20/請問(他/她)目前的健康狀況如何?,a20/請問(他/她)目前的健康狀況如何?,a19/請問(他/她)目前的健康狀況如何?,a19/請問(他/她)目前的健康狀況如何,a28/請問(他/她)目前的健康狀況如何?,,
請問(他/她)目前有工作嗎?,,,,A27A/請問(他/她)目前有工作嗎?,a21a/請問(他/她)目前有工作嗎?,,,,,,
(他/她)的這份新工作最主要是以何種方式找到的?,,,,A27D/(他/她)的這份新工作最主要是以何種方式找到的?,a21b05/請問(他/她)目前的工作與95年1月的工作有何不同?工作地點改變,,,,,,
(他/她)的這份新工作最主要是以何種方式找到的?,,,,A27D/(他/她)的這份新工作最主要是以何種方式找到的?,a23a/(他/她)的這份新工作最主要是以何種方式找到的?,,,,,,V
請問(他/她)是否自願離開原來的工作單位?,,,,A28A/請問(他/她)是否自願離開原來的工作單位?,a22a/請問(他/她)是否自願離開原來的工作單位?,a22a/請問(他/她)是否自願離開原來的工作(單位)?,a22a/請問(他/她)是否自願離開原來的工作?,a22a/請問(他/她)是否自願離開原來的工作,,,
請問(他/她)自願離開原來工作的主要原因是什麼,,,,A28B/請問(他/她)自願離開原來工作單位的原因是什麼?,a22b/請問(他/她)自願離開原來工作單位的原因是什麼?,a22b/請問(他/她)自願離開原來工作(單位)的原因是什麼?,a22b/請問(他/她)自願離開原來工作的原因是什麼?,a22b/請問(他/她)自願離開原來工作的主要原因是什麼,,,
請問(他/她)非自願離開原來工作的主要原因是什麼,,,,A28C/請問(他/她)非自願離開原來工作單位的原因是什麼?,a22c/請問(他/她)非自願離開原來工作單位的原因是什麼?,a22c/請問(他/她)非自願離開原來工作(單位)的原因是什麼?,a22c/請問(他/她)非自願離開原來工作的原因是什麼?,a22c/請問(他/她)非自願離開原來工作的主要原因是什麼,,,
請問(他/她)目前的工作是__行業,,,,A29A01/請問(他/她)目前的工作是__行業,a24a01/請問(他/她)目前的工作是__行業,a24a02/請問(他/她)目前的工作是__職業,a24a01/請問(他/她)目前的工作是__行業,,a31a01/請問(他/她)目前的工作是__行業,,
請問(他/她)目前的工作是__職業,,,,A29A02/請問(他/她)目前的工作是__職業,a24a02/請問(他/她)目前的工作是__職業,,a24a02/請問(他/她)目前的工作是__職業,,a31a02/請問(他/她)目前的工作是__職業,,
請問(他/她)是在為誰工作?,,,,A29B/請問(他/她)是在為誰工作?,a23b/請問(他/她)是在為誰工作?,a23b/請問(他/她)是在為誰工作?,a23b/請問(他/她)是在為誰工作?,a23b/請問(他/她)是在為誰工作,a30/請問(他/她)是在為誰工作?,,
(他/她)這份工作的公司約有多少位員工?,,,,A29C/(他/她)這份工作的公司約有多少位員工?,a23c/(他/她)這份工作的公司約有多少位員工?,a23c/(他/她)這份工作的公司約有多少位員工?,,,,,
(他/她)這份工作的工作地點是在哪裡?,,,,A30A01/(他/她)這份工作的工作地點是在哪裡?,a24c01/平常(他/她)每天上下班總共需要多少交通時間?,a24c01/平常(他/她)每天上下班總共需要多少交通時間?,a24c01/平常(他/她)每天上下班總共需要多少交通時間?,,,,V
工作地點地區碼,,,,A30A02/工作地點地區碼,a24b02/(他/她)這份工作的工作地點地區碼,a24b02/工作地點地區碼,,,,,V
平常(他/她)每天上下班總共需要多少交通時間?,,,,A30B01/平常(他/她)每天上下班總共需要多少交通時間?,a24c01/平常(他/她)每天上下班總共需要多少交通時間?,a24c01/平常(他/她)每天上下班總共需要多少交通時間?,a24c01/平常(他/她)每天上下班總共需要多少交通時間?,a24c01/平常(他/她)每天上下班(來回)需要交通時間嗎,,,
平常(他/她)每天上下班總共需要多少交通時間?,,,,A30B01/平常(他/她)每天上下班總共需要多少交通時間?,a24c01/平常(他/她)每天上下班總共需要多少交通時間?,a24c01/平常(他/她)每天上下班總共需要多少交通時間?,a24c01/平常(他/她)每天上下班總共需要多少交通時間?,,,,V
平常(他/她)每天上下班總共需要多少交通時間?,,,,A30B01/平常(他/她)每天上下班總共需要多少交通時間?,a24c01/平常(他/她)每天上下班總共需要多少交通時間?,a24c01/平常(他/她)每天上下班總共需要多少交通時間?,a24c01/平常(他/她)每天上下班總共需要多少交通時間?,,,,V
(他/她)這份工作收入是用什麼方式領的 (1) 按小時、按日計酬,,,,A31A01/(他/她)這份工作收入是按小時，按月等方式定期支領收入?,a25a03/(他/她)這份工作收入是按月計酬支領收入?,a25a03/(他/她)這份工作收入是否按月計酬,a25c01/(他/她)這份工作收入是按小時，按日計酬?,a25c01/(他/她)這份工作收入是用什麼方式領的 (1) 按小時、按日計酬,a32c01/(他/她)這份工作收入是按小時，按日計酬?,,V
(他/她)這份工作收入是用什麼方式領的 (2) 按月計酬,,,,A31A03/(他/她)這份工作收入是獎金，分紅等不固定的收入?,a25a03/(他/她)這份工作收入是按月計酬支領收入?,a25a03/(他/她)這份工作收入是否按月計酬,a25c02/(他/她)這份工作收入是按月計酬?,a25c02/(他/她)這份工作收入是用什麼方式領的 (2) 按月計酬,a32c02/(他/她)這份工作收入是按月計酬?,,
(他/她)這份工作收入是獎金，分紅等不固定的收入?,,,,A31A03/(他/她)這份工作收入是獎金，分紅等不固定的收入?,a25a05/(他/她)這份工作收入是獎金，分紅等不固定的收入?,a25a05/(他/她)這份工作是否獎金、分紅等不固定的收入,a25c03/(他/她)這份工作收入是獎金，分紅等不固定的收入?,a25c03/(他/她)這份工作收入是用什麼方式領的 (3) 獎金(不含年終獎金)、分紅等不固定的收入,a32c03/(他/她)這份工作收入是獎金(不含年終獎金)，分紅等不固定的收入?,,V
(他/她)這份工作收入是獎金，分紅等不固定的收入?,,,,A31A03/(他/她)這份工作收入是獎金，分紅等不固定的收入?,a25a05/(他/她)這份工作收入是獎金，分紅等不固定的收入?,a25a05/(他/她)這份工作是否獎金、分紅等不固定的收入,a25c03/(他/她)這份工作收入是獎金，分紅等不固定的收入?,a25c03/(他/她)這份工作收入是用什麼方式領的 (3) 獎金(不含年終獎金)、分紅等不固定的收入,a32c03/(他/她)這份工作收入是獎金(不含年終獎金)，分紅等不固定的收入?,,V
(他/她)這份工作收入是獎金，分紅等不固定的收入?,,,,A31A03/(他/她)這份工作收入是獎金，分紅等不固定的收入?,a25a05/(他/她)這份工作收入是獎金，分紅等不固定的收入?,a25a05/(他/她)這份工作是否獎金、分紅等不固定的收入,a25c03/(他/她)這份工作收入是獎金，分紅等不固定的收入?,a25c03/(他/她)這份工作收入是用什麼方式領的 (3) 獎金(不含年終獎金)、分紅等不固定的收入,a32c03/(他/她)這份工作收入是獎金(不含年終獎金)，分紅等不固定的收入?,,V
(他/她)這份工作收入是獎金，分紅等不固定的收入?,,,,A31A03/(他/她)這份工作收入是獎金，分紅等不固定的收入?,a25a05/(他/她)這份工作收入是獎金，分紅等不固定的收入?,a25a05/(他/她)這份工作是否獎金、分紅等不固定的收入,a25c03/(他/她)這份工作收入是獎金，分紅等不固定的收入?,,a32c03/(他/她)這份工作收入是獎金(不含年終獎金)，分紅等不固定的收入?,,V
(他/她)這份工作收入是獎金，分紅等不固定的收入，每月平均約__元,,,,A31A04/(他/她)這份工作收入是獎金，分紅等不固定的收入，每月平均約__元,a25a06/(他/她)這份工作收入是獎金，分紅等不固定的收入，每月平均約__元,a25a06/(他/她)這份工作是獎金、分紅等不固定的收入，每月平均約__元,a25c04/(他/她)這份工作收入是按件計酬?,a25c04/(他/她)這份工作收入是用什麼方式領的 (4) 按件計酬,a32c04/(他/她)這份工作收入是按件計酬?,,V
(他/她)這份工作是否獎金、分紅等不固定的收入,,,,A31A05/(他/她)這份工作收入是按件計酬?,a25a05/(他/她)這份工作收入是獎金，分紅等不固定的收入?,a25a05/(他/她)這份工作是否獎金、分紅等不固定的收入,a25c03/(他/她)這份工作收入是獎金，分紅等不固定的收入?,a25c03/(他/她)這份工作收入是用什麼方式領的 (3) 獎金(不含年終獎金)、分紅等不固定的收入,a32c03/(他/她)這份工作收入是獎金(不含年終獎金)，分紅等不固定的收入?,,V
(他/她)這份工作收入是用什麼方式領的 (3) 獎金(不含年終獎金)、分紅等不固定的收入,,,,A31A05/(他/她)這份工作收入是按件計酬?,a25a05/(他/她)這份工作收入是獎金，分紅等不固定的收入?,a25a05/(他/她)這份工作是否獎金、分紅等不固定的收入,a25c03/(他/她)這份工作收入是獎金，分紅等不固定的收入?,a25c03/(他/她)這份工作收入是用什麼方式領的 (3) 獎金(不含年終獎金)、分紅等不固定的收入,a32c03/(他/她)這份工作收入是獎金(不含年終獎金)，分紅等不固定的收入?,,V
(他/她)這份工作收入是按件計酬?,,,,A31A05/(他/她)這份工作收入是按件計酬?,a25a07/(他/她)這份工作收入是按件計酬?,a25a07/(他/她)這份工作收入是否按件計酬,a25c04/(他/她)這份工作收入是按件計酬?,a25c04/(他/她)這份工作收入是用什麼方式領的 (4) 按件計酬,a32c04/(他/她)這份工作收入是按件計酬?,,V
(他/她)這份工作收入是按件計酬?,,,,A31A05/(他/她)這份工作收入是按件計酬?,a25a07/(他/她)這份工作收入是按件計酬?,a25a07/(他/她)這份工作收入是否按件計酬,a25c04/(他/她)這份工作收入是按件計酬?,a25c04/(他/她)這份工作收入是用什麼方式領的 (4) 按件計酬,a32c04/(他/她)這份工作收入是按件計酬?,,V
(他/她)這份工作收入是否按件計酬,,,,A31A05/(他/她)這份工作收入是按件計酬?,a25a07/(他/她)這份工作收入是按件計酬?,a25a07/(他/她)這份工作收入是否按件計酬,a25c04/(他/她)這份工作收入是按件計酬?,a25c04/(他/她)這份工作收入是用什麼方式領的 (4) 按件計酬,a32c04/(他/她)這份工作收入是按件計酬?,,V
(他/她)這份工作收入是按件計酬?,,,,A31A05/(他/她)這份工作收入是按件計酬?,a25a07/(他/她)這份工作收入是按件計酬?,a25a07/(他/她)這份工作收入是否按件計酬,,,a32c04/(他/她)這份工作收入是按件計酬?,,V
(他/她)這份工作收入是用什麼方式領的 (4) 按件計酬,,,,A31A07/(他/她)這份工作收入是有其他來源?,a25a07/(他/她)這份工作收入是按件計酬?,a25a07/(他/她)這份工作收入是否按件計酬,a25c04/(他/她)這份工作收入是按件計酬?,a25c04/(他/她)這份工作收入是用什麼方式領的 (4) 按件計酬,a32c04/(他/她)這份工作收入是按件計酬?,,V
(他/她)這份工作收入是有其他來源，每月平均約__元,,,,A31A08/(他/她)這份工作收入是有其他來源，每月平均約__元,a25a10/(他/她)這份工作收入是有其他來源，每月平均約__元,,,,,,
(他/她)這份工作平均每個月的總收入大約有多少?,,,,A31B/(他/她)這份工作平均每個月的總收入大約有多少?,a25b/(他/她)這份工作平均每個月的總收入大約有多少?,a25b/(他/她)這份工作平均每個月的總收入大約有多少?,a25b/(他/她)這份工作平均每個月的總收入大約有多少?,a25b/(他/她)這份工作平均每個月的總收入大約有多少?,a32b/(他/她)這份工作平均每個月的總收入大約有多少?,,
請問下列哪一種方式領取的收入最多,,,,A31B/(他/她)這份工作平均每個月的總收入大約有多少?,a25b/(他/她)這份工作平均每個月的總收入大約有多少?,a25b/(他/她)這份工作平均每個月的總收入大約有多少?,a25d/請問下列哪一種方式領取的收入最多?,a25d/請問下列哪一種方式領取的收入最多,a32d/請問下列哪一種方式領取的收入最多?,,
請問(他/她)沒有工作的原因是什麼?,,,,A33/請問(他/她)沒有工作的原因是什麼?,a27/請問(他/她)目前沒有工作的原因是什麼?,a27/請問(他/她)目前沒有工作的原因是什麼?,a27/請問(他/她)目前沒有工作的原因是什麼?,,,,
(他/她)最主要用什麼方法找尋工作?,,,,A34B/(他/她)最主要用什麼方式找尋工作?,a28c/(他/她)最主要用什麼方法找尋工作?,a28c/(他/她)最主要用什麼方法找尋工作?,a28c/(他/她)最主要用什麼方法找尋工作?,a28b/(他/她)最主要用什麼方法找尋工作,,,
請問您在未來有沒有移民到台灣以外地區的打算?,,,,B01/請問您在未來有沒有移民到台灣以外地區的打算?,b01/請問您在未來有沒有移民到台灣以外地區的打算?,b01/請問您在未來有沒有移民到台灣以外地區的打算?,b01/請問您在未來有沒有移民到台灣以外地區的打算?,b01/請問您在未來有沒有移民到台灣以外地區的打算,,,
您的父母或配偶父母有沒有定居在台灣以外地區?,,,,B03Z01/您的父母或配偶父母有沒有定居在台灣以外地區?,b03z01/您的父母或配偶父母有沒有定居在台灣以外地區,b03z01/您有沒有父母或配偶父母定居在台灣以外地區?,b03z01/您的父母或配偶父母有沒有定居在台灣以外地區?,,,,
您的子女有沒有定居在台灣以外地區?,,,,B03Z02/您的子女有沒有定居在台灣以外地區?,b03z02/您的子女或子女的配偶有沒有定居在台灣以外地區,b03z02/您有沒有子女或子女的配偶定居在台灣以外地區?,b03z02/您的子女或子女的配偶有沒有定居在台灣以外地區?,,,,
您有沒有以下的親人定居在台灣以外地區 (3) 兄弟姊妹或配偶的兄弟姊妹,,,,B03Z03/您的兄弟姊妹或配偶的兄弟姊妹有沒有定居在台灣以外地區?,b03z03/您的兄弟姊妹或配偶的兄弟姊妹有沒有定居在台灣以外地區,b03z03/您有沒有兄弟姊妹或配偶的兄弟姊妹定居在台灣以外地區?,b03z03/您的兄弟姊妹或配偶的兄弟姊妹有沒有定居在台灣以外地區?,b03z03/您有沒有以下的親人定居在台灣以外地區 (3) 兄弟姊妹或配偶的兄弟姊妹,b03z03/您有沒有以下的親人定居在台灣以外地區?(請唸出小題) 3 兄弟姊妹或配偶的兄弟姊妹,,
您有沒有以下的親人定居在台灣以外地區?(請唸出小題) 4 配偶,,,,B03Z04/您的其他親人有沒有定居在台灣以外地區?,b03z04/您的其他親人有沒有定居在台灣以外地區,b03z04/您有沒有其他親人定居在台灣以外地區?,b03z04/您的其他親人有沒有定居在台灣以外地區?,b03z04/您有沒有以下的親人定居在台灣以外地區 (4) 配偶,b03z04/您有沒有以下的親人定居在台灣以外地區?(請唸出小題) 4 配偶,,
您的其他親人有沒有定居在台灣以外地區?,,,,B03Z04/您的其他親人有沒有定居在台灣以外地區?,b03z04/您的其他親人有沒有定居在台灣以外地區,b03z04/您有沒有其他親人定居在台灣以外地區?,b03z04/您的其他親人有沒有定居在台灣以外地區?,,,,V
請問100年1月之後您的配偶有沒有新的工作機會或工作變動的機會,,,,B05A/請問去年(民國94年1月)之後您有沒有新的工作機會或工作變動的機會?,b05a/請問去年(95年1月)之後您有沒有新的工作機會或工作變動的機會?,b05a/請問96年1月之後您有沒有新的工作機會或工作變動的機會?,b05a/請問97年1月之後您有沒有新的工作機會或工作變動的機會?,b05d/請問100年1月之後您的配偶有沒有新的工作機會或工作變動的機會,b12d/請問上一次訪問之後您的配偶有沒有新的工作機會或工作變動的機會?,b10d/請問上一次訪問之後，您配偶/同居伴侶有沒有新的工作機會或工作變動的機會?,
請問新的工作機會需要搬遷或個人遷移到外地嗎?,,,,B05B/請問新的工作機會需要搬遷或個人遷移到外地嗎?,b05b/請問新的工作機會需要搬遷或個人遷移到外地嗎?,b05b/請問新的工作機會需要搬遷或個人遷移到外地嗎?,b05b/請問新的工作機會需要搬遷或個人遷移到外地嗎?,,,,
請問您有接受這個新的工作機會嗎?,,,,B05C/請問您有接受這個新的工作機會嗎?,b05c/請問您有接受這個新的工作機會嗎?,b05c/請問您有接受這個新的工作機會嗎?,b05c/請問您有接受這個新的工作機會嗎?,b05c/請問您有接受這個新的工作機會嗎,,b10c/請問您有接受這個新的工作機會嗎?,V
房間數多少__房,,,,B08D01/房間數多少__房,,,,b08e01/房間數多少 __房,,,
就您所知，您目前所居住的房子一坪多少元?__元/坪,,,,B09/就您所知，您目前所居住的房子一坪多少元?__元/坪,b09/就您所知，您目前所居住的房子一坪多少元?,b09/就您所知，您目前所居住的房子一坪多少元?,b09/就您所知，您目前所居住的房子一坪多少元?,b09/就您所知，您目前所居住的房子一坪多少元,b07/就您所知，您目前所居住的房子一坪多少元?,,
子女1排行,,,,B13AC1/子女1:排行,,b13ac1/子女1排行,,,b14ac1/子女1排行,,
子女2排行,,,,B13AC2/子女2:排行,,b13ac2/子女2排行,,,b14ac2/子女2排行,,
子女1:性別,,,,B13BC1/子女1:性別,,b13bc1/子女1性別,,b13bc1/子女1性別,b14bc1/子女1性別,,
子女2性別,,,,B13BC2/子女2:性別,,b13bc2/子女2性別,,,b14bc2/子女2性別,,
子女3性別,,,,B13BC3/子女3:性別,,b13bc3/子女3性別,,,b14bc3/子女3性別,,
子女1出生年,,,,B13C01C1/子女1:出生年__,,b13c01c1/子女1出生年,,,b14c01c1/子女1出生年,,
子女1出生月,,,,B13C02C1/子女1:出生月__,,b13c02c1/子女1出生月,,,b14c02c1/子女1出生月,,
子女2出生月,,,,B13C02C2/子女2:出生月__,,b13c02c2/子女2出生月,,,b14c02c2/子女2出生月,,
子女3出生月,,,,B13C02C3/子女3:出生月__,,b13c02c3/子女3出生月,,,b14c02c3/子女3出生月,,V
子女2教育程度,,,,B13DC2/子女2:如果未滿六歲(民國89年1月以後出生)，白天主要是由誰照顧?,,b13dc2/子女2教育程度,,,b14dc2/子女2教育程度,,
子女3教育程度,,,,B13DC3/子女3:如果未滿六歲(民國89年1月以後出生)，白天主要是由誰照顧?,,b13dc3/子女3教育程度,,,b14dc3/子女3教育程度,,
子女1目前有沒有工作?,,,,B13EC1/子女1：您平均一天大約有多少時間和子女相處?,,b13ec1/子女1目前有沒有工作?,,,b14ec1/子女1學校類別,,V
子女2目前有沒有工作?,,,,B13EC2/子女2：您平均一天大約有多少時間和子女相處?,,b13ec2/子女2目前有沒有工作?,,,b14ec2/子女2學校類別,,V
母親去年到現在有否改變住處?,,,,B13GM1/母親去年到現在有否改變住處?,b14fm1/母親去年到現在有否改變住處?,,,,,,
配偶父親住處與您距離多遠?,,,,B13HF2/配偶父親住處與您距離多遠?,b14gf2/配偶父親住處與您的距離多遠?,,,,,b20bf2/您配偶父親目前住處與您的距離多遠?,
母親住處與您距離多遠?,,,,B13HM1/母親住處與您距離多遠?,b14gm1/母親住處與您的距離多遠?,b17b/請問您母親的住處與您的距離多遠?,b17c/請問您母親目前的住處與您的距離多遠?,,,b15bm1/請問您的母親目前住處與您的距離多遠?,
配偶母親住處與您距離多遠?,,,,B13HM2/配偶母親住處與您距離多遠?,b14gm2/配偶母親住處與您的距離多遠?,b21b/請問您配偶母親的住處與您的距離多遠?,b21c/請問您配偶母親目前的住處與您的距離多遠?,,,b20bm2/您配偶母親目前住處與您的距離多遠?,
子女1去年見面次數?,,,,B13JC1/子女1:去年與您的聯絡狀況每年見面次數?,,b13ic1/子女1去年見面次數?,,,b14jc1/子女1最主要的照顧者?,,
子女2去年見面次數?,,,,B13JC2/子女2:去年與您的聯絡狀況每年見面次數?,,b13ic2/子女2去年見面次數?,,,b14jc2/子女2最主要的照顧者?,,
請問您的父親有沒有與他的兄弟姊妹同住?,,,,B14D06/請問您的父親有沒有與他的兄弟姊妹同住?,,,,,b20b06f1/請問您的父親平常與他的兄弟姊妹同住?,b15a06f1/請問您的父親平常與他的兄弟姊妹同住?,
請問您的父親有沒有與他的其他親戚同住?,,,,B14D07/請問您的父親有沒有與他的其他親戚同住?,,,,,b20b07f1/請問您的父親平常與他的其他親戚同住?,b15a07f1/請問您的父親平常與他的其他親戚同住?,
請問您的父親有沒有輪流住他的子女家?,,,,B14D08/請問您的父親有沒有輪流住他的子女家?,b15d08/請問您的父親平常有沒有輪流住他的子女家?,,b16a08/請問您的父親平常是否輪流住他的子女家?,,b20b08f1/請問您的父親平常輪流住他的子女家?,b15a08f1/請問您的父親平常輪流住他的子女家?,
請問您的父親有沒有獨居?,,,,B14D09/請問您的父親有沒有獨居?,b15d09/請問您的父親平常有沒有獨居?,b15d09/請問您的父親平常是否獨居,b17a09/請問您的母親平常是否獨居?,,b20b09m1/請問您的母親平常獨居?,b15a09m1/請問您的母親平常獨居?,V
請問您的父親有沒有住安養機構?,,,,B14D10/請問您的父親有沒有住安養機構?,b15d10/請問您的父親平常有沒有住安養機構?,b15d10/請問您的父親平常是否住在安養機構,b17a10/請問您的母親平常是否住安養機構?,,b20b10m1/請問您的母親平常住安養機構?,b15a10m1/請問您的母親平常住安養機構?,V
請問您的父親有沒有與其他人同住?,,,,B14D13/請問您的父親有沒有與其他人同住?,b15d13/請問您的父親平常有沒有與其他人同住?,b15d13/請問您的父親平常是否與其他人同住,b16a13/請問您的父親平常是否與其他人同住?,,b20b19f1/請問您的父親平常與其他人同住?,b15a19f1/請問您的父親平常與其他人同住?,
請問您的母親有沒有與她的兄弟姊妹同住?,,,,B14E06/請問您的母親有沒有與她的兄弟姊妹同住?,,,b17a06/請問您的母親平常是否與她的兄弟姊妹同住?,,b20b06m1/請問您的母親平常與她的兄弟姊妹同住?,b15a06m1/請問您的母親平常與她的兄弟姊妹同住?,
請問您的母親有沒有與她的其他親戚同住?,,,,B14E07/請問您的母親有沒有與她的其他親戚同住?,b15e07/請問您的母親平常有沒有與他的其他親戚同住?,b15e07/請問您的母親平常是否與她的其他親戚同住,b17a07/請問您的母親平常是否與她的其他親戚同住?,,b20b07m1/請問您的母親平常與她的其他親戚同住?,b15a07m1/請問您的母親平常與她的其他親戚同住?,
請問您的母親有沒有與其他人同住?,,,,B14E13/請問您的母親有沒有與其他人同住?,b15e13/請問您的母親平常有沒有與其他人同住?,b15e13/請問您的母親平常是否與其他人同住,b17a13/請問您的母親平常是否與其他人同住?,,b20b19m1/請問您的母親平常與其他人同住?,b15a19m1/請問您的母親平常與其他人同住?,
請問過去一年來，您配偶的父母有沒有給您(或您配偶)一般生活費上的資助?,,,,B15A01/請問過去一年來，您配偶的父母有沒有給您(或您配偶)一般生活費上的資助?,b16a01/請問過去一年來，您配偶的父母有沒有給您(或您配偶)一般生活費上的資助?,b19a01/請問過去一年來，您配偶的父母有沒有給您(或您配偶)一般生活費上的資助?,,,,,
請問過去一年來，您(或您配偶)有沒有給您配偶父母零用金、生活費或節慶紅包?,,,,B15B01/請問過去一年來，您(或您配偶)有沒有給您配偶父母零用金，生活費或節慶紅包?,b16b01/請問過去一年來，您(或您配偶)有沒有給您配偶父母零用金，生活費或節慶紅包?,b19b01/請問過去一年來，您(或您配偶)有沒有給您配偶父母零用金、生活費或節慶紅包?,,,,,
在去年之中，請問您配偶的父母是否有退休金的收入來源?,,,,B15C01/在去年(94年)之中，請問您的父母是否有退休金的收入來源?,b16c01/在去年之中，請問您配偶的父母是否有退休金的收入來源?,,,,,,V
請問您配偶的父親平常是否與他的配偶同住,,,,B15D01/請問您的配偶父親有沒有與他的配偶同住同住?,b16d01/請問您配偶的父親平常有沒有與他的配偶同住?,b19d01/請問您配偶的父親平常是否與他的配偶同住,,,,,
請問您配偶的父親平常是否與他的已婚兒子同住,,,,B15D02/請問您的配偶父親有沒有與他的已婚兒子同住?,b16d02/請問您配偶的父親平常有沒有與他的已婚兒子同住?,b19d02/請問您配偶的父親平常是否與他的已婚兒子同住,,,,,
請問您配偶的父親平常是否與他的已婚女兒同住,,,,B15D03/請問您的配偶父親有沒有與他的已婚女兒同住?,b16d03/請問您配偶的父親平常有沒有與他的已婚女兒同住?,b19d03/請問您配偶的父親平常是否與他的已婚女兒同住,,,,,
請問您配偶的父親平常是否與他的未婚女兒同住,,,,B15D05/請問您的配偶父親有沒有與他的未婚女兒同住?,b16d05/請問您配偶的父親平常有沒有與他的未婚女兒同住?,b19d05/請問您配偶的父親平常是否與他的未婚女兒同住,,,,,
請問您配偶的父親平常有沒有與他的兄弟姊妹同住?,,,,B15D06/請問您的配偶父親有沒有與他的兄弟姊妹同住?,b16d06/請問您配偶的父親平常有沒有與他的兄弟姊妹同住?,,,,,,
請問您配偶的父親平常是否與他的其他親戚同住,,,,B15D07/請問您的配偶父親有沒有與他的其他親戚同住?,b16d07/請問您配偶的父親平常有沒有與他的其他親戚同住?,b19d07/請問您配偶的父親平常是否與他的其他親戚同住,,,,,
請問您配偶的父親平常是否輪流住他的子女家,,,,B15D08/請問您的配偶父親有沒有輪流住他的子女家?,b16d08/請問您配偶的父親平常有沒有輪流住他的子女家?,b19d08/請問您配偶的父親平常是否輪流住他的子女家,,,,,
請問您配偶的父親平常是否獨居?,,,,B15D09/請問您的配偶父親有沒有獨居?,b16d09/請問您配偶的父親平常有沒有獨居?,b19d09/請問您配偶的父親平常是否獨居,b20a09/請問您配偶的父親平常是否獨居?,,b23c09f2/請問您的配偶父親平常獨居?,b20a09f2/請問您的配偶父親平常獨居?,V
請問您的配偶父親平常獨居?,,,,B15D09/請問您的配偶父親有沒有獨居?,b16d09/請問您配偶的父親平常有沒有獨居?,b19d09/請問您配偶的父親平常是否獨居,b21a09/請問您配偶的母親平常是否獨居?,,b23c09f2/請問您的配偶父親平常獨居?,b20a09f2/請問您的配偶父親平常獨居?,V
請問您的配偶父親有沒有獨居?,,,,B15D09/請問您的配偶父親有沒有獨居?,b16d09/請問您配偶的父親平常有沒有獨居?,b19d09/請問您配偶的父親平常是否獨居,b21a09/請問您配偶的母親平常是否獨居?,,b23c09f2/請問您的配偶父親平常獨居?,b20a09f2/請問您的配偶父親平常獨居?,V
請問您配偶的父親平常是否獨居,,,,B15D09/請問您的配偶父親有沒有獨居?,b16d09/請問您配偶的父親平常有沒有獨居?,b19d09/請問您配偶的父親平常是否獨居,,,,,V
請問您配偶的父親平常有沒有獨居?,,,,B15D09/請問您的配偶父親有沒有獨居?,b16d09/請問您配偶的父親平常有沒有獨居?,,,,,,V
請問您配偶的父親平常是否住安養機構?,,,,B15D10/請問您的配偶父親有沒有住安養機構?,b16d10/請問您配偶的父親平常有沒有住安養機構?,b19d10/請問您配偶的父親平常是否住在安養機構,b20a10/請問您配偶的父親平常是否住安養機構?,,b23c10f2/請問您的配偶父親平常住安養機構?,b20a10f2/請問您的配偶父親平常住安養機構?,V
請問您的配偶父親平常住安養機構?,,,,B15D10/請問您的配偶父親有沒有住安養機構?,b16d10/請問您配偶的父親平常有沒有住安養機構?,b19d10/請問您配偶的父親平常是否住在安養機構,b21a10/請問您配偶的母親平常是否住安養機構?,,b23c10f2/請問您的配偶父親平常住安養機構?,b20a10f2/請問您的配偶父親平常住安養機構?,V
請問您配偶的父親平常是否住在安養機構,,,,B15D10/請問您的配偶父親有沒有住安養機構?,b16d10/請問您配偶的父親平常有沒有住安養機構?,b19d10/請問您配偶的父親平常是否住在安養機構,,,,,V
請問您配偶的父親平常有沒有住安養機構?,,,,B15D10/請問您的配偶父親有沒有住安養機構?,b16d10/請問您配偶的父親平常有沒有住安養機構?,,,,,,V
請問您的配偶父親有沒有與其他人同住?,,,,B15D13/請問您的配偶父親有沒有與其他人同住?,b16d13/請問您配偶的父親平常有沒有與其他人同住?,b19d13/請問您配偶的父親平常是否與其他人同住,b20a13/請問您配偶的父親平常是否與其他人同住?,,b23c19f2/請問您的配偶父親平常與其他人同住?,b20a19f2/請問您的配偶父親平常與其他人同住?,
請問您配偶的母親平常有沒有與他的配偶同住?,,,,B15E01/請問您的配偶母親有沒有與她的配偶同住同住?,b16e01/請問您配偶的母親平常有沒有與他的配偶同住?,,,,,,
請問您配偶的母親平常有沒有與他的已婚兒子同住?,,,,B15E02/請問您的配偶母親有沒有與她的已婚兒子同住?,b16e02/請問您配偶的母親平常有沒有與他的已婚兒子同住?,,,,,,
請問您配偶的母親平常有沒有與他的已婚女兒同住?,,,,B15E03/請問您的配偶母親有沒有與她的已婚女兒同住?,b16e03/請問您配偶的母親平常有沒有與他的已婚女兒同住?,,,,,,
請問您配偶的母親平常是否與她的未婚兒子同住,,,,B15E04/請問您的配偶母親有沒有與她的未婚兒子同住?,b16e04/請問您配偶的母親平常有沒有與他的未婚兒子同住?,b19e04/請問您配偶的母親平常是否與她的未婚兒子同住,,,,,
請問您配偶的母親平常有沒有與他的未婚女兒同住?,,,,B15E05/請問您的配偶母親有沒有與她的未婚女兒同住?,b16e05/請問您配偶的母親平常有沒有與他的未婚女兒同住?,,,,,,
請問您的配偶母親有沒有與她的兄弟姊妹同住?,,,,B15E06/請問您的配偶母親有沒有與她的兄弟姊妹同住?,,,b21a06/請問您配偶的母親平常是否與她的兄弟姊妹同住?,,b23c06m2/請問您的配偶母親平常與她的兄弟姊妹同住?,b20a06m2/請問您的配偶母親平常與她的兄弟姊妹同住?,
請問您的配偶母親有沒有與她的其他親戚同住?,,,,B15E07/請問您的配偶母親有沒有與她的其他親戚同住?,b16e07/請問您配偶的母親平常有沒有與他的其他親戚同住?,b19e07/請問您配偶的母親平常是否與她的其他親戚同住,b21a07/請問您配偶的母親平常是否與她的其他親戚同住?,,b23c07m2/請問您的配偶母親平常與她的其他親戚同住?,b20a07m2/請問您的配偶母親平常與她的其他親戚同住?,
請問您配偶的母親平常有沒有輪流住他的子女家?,,,,B15E08/請問您的配偶母親有沒有輪流住她的子女家?,b16e08/請問您配偶的母親平常有沒有輪流住他的子女家?,,,,,,
請問您的配偶母親有沒有獨居?,,,,B15E09/請問您的配偶母親有沒有獨居?,b16e09/請問您配偶的母親平常有沒有獨居?,b19e09/請問您配偶的母親平常是否獨居,b21a09/請問您配偶的母親平常是否獨居?,,b23c09m2/請問您的配偶母親平常獨居?,b20a09m2/請問您的配偶母親平常獨居?,V
請問您配偶的母親平常有沒有住安養機構?,,,,B15E10/請問您的配偶母親有沒有住安養機構?,b16e10/請問您配偶的母親平常有沒有住安養機構?,,,,,,
請問您配偶的母親平常有沒有與已婚孫子女同住?,,,,B15E11/請問您的配偶母親有沒有與已婚孫子女同住?,b16e11/請問您配偶的母親平常有沒有與已婚孫子女同住?,,,,,,
請問您配偶的母親平常有沒有與已婚外孫子女同住?,,,,B15E12/請問您的配偶母親有沒有與已婚外孫子女同住?,b16e12/請問您配偶的母親平常有沒有與已婚外孫子女同住?,,,,,,
請問您配偶的母親平常有沒有與其他人同住?,,,,B15E13/請問您的配偶母親有沒有與其他人同住?,b16e13/請問您配偶的母親平常有沒有與其他人同住?,,,,,,
在去年(94年)之中，如果您的配偶有工作的話，全部的工作收入大約有多少(包括正常的收入，加班費，分紅，佣金，三節獎金，年終獎金等)?,,,,C03B01/在去年(94年)之中，如果您的配偶有工作的話，全部的工作收入大約有多少(包括正常的收入，加班費，分紅，佣金，三節獎金，年終獎金等)?,,c03b01/在去年(96年)之中，如果您的配偶有工作的話，全部的工作收入大約有多少(包括正常的收入、加班費、分紅、佣金、三節獎金、年終獎金等)?,,,,,
在去年(95年)之中，您按月領取退休金，每月__元,,,,C04A02/請問在去年(94年)之中，您按月領取退休金，每月__元,d04a02/在去年(95年)之中，您按月領取退休金，每月__元,c04a02/在去年(96年)之中，您按月領取退休金，每月__元,,,,,
您配偶的退休金若按月領取，每月__元,,,,C04A02/請問在去年(94年)之中，您按月領取退休金，每月__元,,,,,,c11a02/您配偶的退休金若按月領取，每月__元,V
您退休金若按年領取，每年__元,,,,C04A03/請問在去年(94年)之中，您按年領取退休金，每年__元,,c04a03/在去年(96年)之中，您按年領取退休金，每年__元,,,c04a03/您領取退休金的方式?按年領取，每年____元,c09d03/您退休金若按年領取，每年__元,
您退休金若每年分數次，總共__元,,,,C04A05/請問在去年(94年)之中，您分數次領去退休金，總共__元,,c04a05/在去年(96年)之中，您每年分數次退休金，總共__元,,,c04a05/您領取退休金的方式?每年分數次，總共____元,c09d05/您退休金若每年分數次，總共__元,
您退休金若按月領取，去年(106年)共領__個月,,,,C04B01/請問您的配偶是否辦理過退休?若有，請問在去年(94年)之中，您的配偶是否曾經領取退休金?,,c04b01/在去年(96年)之中，您的配偶是否曾經領取退休金?,,,c04b01/在去年之中，您配偶是否曾經領取退休金?(1999及2000抽樣樣本作答),c09d07/您退休金若按月領取，去年(106年)共領__個月,V
您退休金若先領一部份，然後再按月領取，去年共領__元,,,,C04B02/請問在去年(94年)之中，您的配偶按月領取退休金，每月__元,,c04b02/在去年(96年)之中，您的配偶按月領取退休金，每月__元,,,c04b06/您配偶領取退休金的方式?先領一部分，然後再按月領取，去年總共領取____元,c09d06/您退休金若先領一部份，然後再按月領取，去年共領__元,V
請問您的配偶是什麼時候辦退休的?退休月,,,,C04B02/請問在去年(94年)之中，您的配偶按月領取退休金，每月__元,,,,,,c11b02/請問您的配偶是什麼時候辦退休的?退休月,V
除了上面所談到的這些收入之外，您或您的配偶是否有利息收入?,,,,C05Z01/除了上面所談到的這些收入之外，您或您的配偶是否有利息收入?,d05z01/除了上面所談到的這些收入之外，您或您的配偶是否有利息收入?,c05z01/除了上面所談到的這些收入之外，您或您的配偶是否有利息收入,c05z01/除了上面所談到的這些收入之外，您或您的配偶是否有利息收入?,,c05z01/除了上面所談到的這些收入之外，您或您的配偶是否有下列這些收入? 1 利息收入,c14z01/除了上面所談到的這些收入之外，您或您的配偶是否有利息收入?,
除了上面所談到的這些收入之外，您或您的配偶去年的利息收入大約__元,,,,C05Z02/除了上面所談到的這些收入之外，您或您的配偶去年的利息收入大約__元,d05z02/除了上面所談到的這些收入之外，您或您的配偶去年的利息收入大約__元,c05z02/若有利息收入，去年的收入大約__元,c05z02/若有利息收入，去年的收入大約__元,,,c14z02/您或您的配偶有利息收入，去年的收入大約__元,
除了上面所談到的這些收入之外，您或您的配偶是否有租金收入?,,,,C05Z03/除了上面所談到的這些收入之外，您或您的配偶是否有租金收入?,d05z03/除了上面所談到的這些收入之外，您或您的配偶是否有租金收入?,c05z03/除了上面所談到的這些收入之外，您或您的配偶是否有租金收入,c05z03/除了上面所談到的這些收入之外，您或您的配偶是否有租金收入?,,c05z03/除了上面所談到的這些收入之外，您或您的配偶是否有下列這些收入? 2 租金收入,c14z03/除了上面所談到的這些收入之外，您或您的配偶是否有租金收入?,
除了上面所談到的這些收入之外，您或您的配偶去年的租金收入大約__元,,,,C05Z04/除了上面所談到的這些收入之外，您或您的配偶去年的租金收入大約__元,d05z04/除了上面所談到的這些收入之外，您或您的配偶去年的租金收入大約__元,c05z04/若有租金收入，去年的收入大約__元,c05z04/若有租金收入，去年的收入大約__元,,c05z04/除了上面所談到的這些收入之外，您或您的配偶是否有下列這些收入? 2 租金收入 ____元,c14z04/若您或您的配偶有租金收入，去年的收入大約__元,
除了上面所談到的這些收入之外，您或您的配偶是否有股利收入?,,,,C05Z05/除了上面所談到的這些收入之外，您或您的配偶是否有股利收入?,d05z05/除了上面所談到的這些收入之外，您或您的配偶是否有股利收入?,c05z05/除了上面所談到的這些收入之外，您或您的配偶是否有股利收入,c05z05/除了上面所談到的這些收入之外，您或您的配偶是否有股利收入?,,,c14z05/除了上面所談到的這些收入之外，您或您的配偶是否有股利收入?,
除了上面所談到的這些收入之外，您或您的配偶是否有股利收入?,,,,C05Z05/除了上面所談到的這些收入之外，您或您的配偶是否有股利收入?,d05z05/除了上面所談到的這些收入之外，您或您的配偶是否有股利收入?,c05z05/除了上面所談到的這些收入之外，您或您的配偶是否有股利收入,c05z05/除了上面所談到的這些收入之外，您或您的配偶是否有股利收入?,,,c14z07/除了上面所談到的這些收入之外，您或您的配偶是否有其他收入來源?,V
除了上面所談到的這些收入之外，您或您的配偶是否有股利收入?,,,,C05Z05/除了上面所談到的這些收入之外，您或您的配偶是否有股利收入?,d05z05/除了上面所談到的這些收入之外，您或您的配偶是否有股利收入?,c05z05/除了上面所談到的這些收入之外，您或您的配偶是否有股利收入,c05z05/除了上面所談到的這些收入之外，您或您的配偶是否有股利收入?,,,,V
除了上面所談到的這些收入之外，您或您的配偶是否有其他收入來源?,,,,C05Z07/除了上面所談到的這些收入之外，您或您的配偶是否有其他收入來源?,d05z07/除了上面所談到的這些收入之外，您或您的配偶是否有其他收入來源?,c05z07/除了上面所談到的這些收入之外，您或您的配偶是否有其他收入來源,c05z05/除了上面所談到的這些收入之外，您或您的配偶是否有股利收入?,,,c14z07/除了上面所談到的這些收入之外，您或您的配偶是否有其他收入來源?,V
除了上面所談到的這些收入之外，您或您的配偶是否有其他收入來源?,,,,C05Z07/除了上面所談到的這些收入之外，您或您的配偶是否有其他收入來源?,d05z07/除了上面所談到的這些收入之外，您或您的配偶是否有其他收入來源?,c05z07/除了上面所談到的這些收入之外，您或您的配偶是否有其他收入來源,c05z07/除了上面所談到的這些收入之外，您或您的配偶是否有其他收入來源?,,c05z07/除了上面所談到的這些收入之外，您或您的配偶是否有下列這些收入? 4 其他收入來源(含私人贈與及政府補助),c14z07/除了上面所談到的這些收入之外，您或您的配偶是否有其他收入來源?,V
在94年1月到12月之中，您的配偶是否曾經領取政府失業保險金?,,,,C06B/在94年1月到12月之中，您的配偶是否曾經領取政府失業保險金?,a28a/在95年1月到12月之中，您的配偶(或同居人)是否曾經領取政府失業保險金?,a28a/在96年1月到12月之中，您的配偶(或同居人)是否曾經領取政府失業保險金?,a28a/在97年1月到12月之中，您的配偶(或同居人)是否曾經領取政府失業保險金?,,,,
在去年之中，您的家庭是否曾經得到政府的兒童托育補助?,,,,C07A04/在去年之中，您的家庭是否曾經得到政府的兒童托育補助?,d06a04/在去年之中，您的家庭是否曾經得到政府的兒童托育補助?,c06a04/在去年之中，您的家庭是否曾經得到政府的兒童托育補助,c06a04/在去年之中，您的家庭是否曾經得到政府的兒童托育補助?,,c06a04/在去年之中，您的家庭是否曾經得到政府的兒童托育補助?,,V
在去年之中，您的家庭是否曾經得到政府的榮民就養金?,,,,C07A06/在去年之中，您的家庭是否曾經得到政府的榮民就養金?,d06a06/在去年之中，您的家庭是否曾經得到政府的榮民就養金?,c06a06/在去年之中，您的家庭是否曾經得到政府的榮民就養金,,,c06a06/在去年之中，您的家庭是否曾經得到政府的榮民就養金?,,
在去年之中，您的家庭是否曾經得到政府的身心障礙者補助?,,,,C07A07/在去年之中，您的家庭是否曾經得到政府的身心障礙者補助?,d06a07/在去年之中，您的家庭是否曾經得到政府的身心障礙者補助?,c06a07/在去年之中，您的家庭是否曾經得到政府的身心障礙者補助,c06a07/在去年之中，您的家庭是否曾經得到政府的身心障礙者補助?,,c06a07/在去年之中，您的家庭是否曾經得到政府的身心障礙者補助?,,
在去年之中，您家庭自政府得到的補助總計大約是多少?,,,,C07B/在去年之中，您家庭自政府得到的補助總計大約是多少?,d06b/在去年之中，您家庭自政府得到的補助總計大約是多少?,c06b/在去年之中，您家庭自政府得到的補助總計大約是多少?,c06b/在去年之中，您家庭自政府得到的補助總計大約是多少?,,c06c/在去年之中，您家庭自政府得到的補助總計大約是多少?__元,,
請問您(和您配偶)過去一年裡，支出人壽或商業醫療保險__元,,,,C09A/請問您(和您配偶)過去一年裡，支出人壽或商業醫療保險__元,d09a/請問您(和您配偶)過去一年裡，支出人壽或商業醫療保險__元,c09a/請問您(和您配偶)過去一年裡，下列各項支出情況:人壽或商業醫療保險__元,c09a/請問您(和您配偶)過去一年裡，人壽或商業醫療保險__元,,,,
請問您(和您配偶)過去一年裡，支出家俱與家庭耐久設備__元,,,,C09B/請問您(和您配偶)過去一年裡，支出家俱與家庭耐久設備__元,d09b/請問您(和您配偶)過去一年裡，支出家俱與家庭耐久設備__元,c09b/請問您(和您配偶)過去一年裡，下列各項支出情況:家俱與家庭耐久設備__元,,,,,
請問您(和您配偶)過去一年裡，支出紅白帖費用__元,,,,C09F/請問您(和您配偶)過去一年裡，支出紅白帖費用__元,d09f/請問您(和您配偶)過去一年裡，支出紅白帖費用__元,,,,,,
您和您的配偶發生意見不合後，通常怎麼解決?(可多選):彼此不說話,,,,D04Z02/您和您的配偶發生意見不合後，通常怎麼解決?(可多選):彼此不說話,,,,,,b25c02/您和您的配偶(同居伴侶)發生意見不合後，通常怎麼解決?彼此不說話,V
您和您的配偶發生意見不合後，通常怎麼解決?(可多選):由第三者(如長輩，親友)協調,,,,D04Z05/您和您的配偶發生意見不合後，通常怎麼解決?(可多選):由第三者(如長輩，親友)協調,,,,,,b25c05/您和您的配偶(同居伴侶)發生意見不合後，通常怎麼解決?由第三者(如長輩，親友)協調,
現住地址,,,,Z04B/現住地址,x05/現居地址,x05/現居地址,x05/現居地址,x05/現居地址,x05/現居地址,x05/現居地址,
請問您是(陽曆)__月出生?,,,,,a02b/請問您是(陽曆)__月出生?,,a02b/請問您是(陽曆)__月出生?,,,,
整個來說，您最近這陣子的生活過得快樂嗎?(1代表很不快樂，7代表很快樂),,,,,a03a/整個來說，您最近這陣子的生活過得快樂嗎?(1代表很不快樂，7代表很快樂),a03a/整個來說，您最近這陣子的生活過得快樂嗎?(1代表很不快樂，07代表很快樂),a03a/整個來說，您最近這陣子的生活過得快樂嗎?(1代表很不快樂，7代表很快樂),a03a/整個來說，您最近這陣子的生活過得快樂嗎,a03a/整個來說，您最近這陣子的生活過得快樂嗎?,a03c/整個來說，您最近這陣子的生活過得快樂嗎?,V
請問您目前的主要工作與97年1月的主要工作有何不同?97年1月後才開始工作,,,,,a06z02/請問您目前的工作與95年1月的工作有何不同?95年1月後才開始工作,a06z02/請問您目前的主要工作與96年1月的主要工作不同是否96年1月後才開始工作,a06z02/請問您目前的主要工作與97年1月的主要工作有何不同?97年1月後才開始工作,a06z02/請問您目前的主要工作與100年1月的主要工作有何不同(02) 100年1月後才開始工作,,,
請問您目前的主要工作與97年1月的主要工作有何不同?工作內容改變,,,,,a06z03/請問您目前的工作與95年1月的工作有何不同?工作內容改變,a06z03/請問您目前的主要工作與96年1月的主要工作不同是否工作內容改變,a06z03/請問您目前的主要工作與97年1月的主要工作有何不同?工作內容改變,a06z03/請問您目前的主要工作與100年1月的主要工作有何不同(03) 工作內容改變,,,
請問您目前的主要工作與96年1月的主要工作不同是否工作地點改變,,,,,a06z05/請問您目前的工作與95年1月的工作有何不同?工作地點改變,a06z05/請問您目前的主要工作與96年1月的主要工作不同是否工作地點改變,a06z05/請問您目前的主要工作與97年1月的主要工作有何不同?工作地點改變,a06z05/請問您目前的主要工作與100年1月的主要工作有何不同(05) 工作地點改變,,,
請問您目前的主要工作與96年1月的主要工作不同是否沒有改變,,,,,a06z06/請問您目前的工作與95年1月的工作有何不同?沒有改變,a06z06/請問您目前的主要工作與96年1月的主要工作不同是否沒有改變,a06z06/請問您目前的主要工作與97年1月的主要工作有何不同?沒有改變,a06z06/請問您目前的主要工作與100年1月的主要工作有何不同(06) 沒有改變,,,
請問您目前的主要工作與97年1月的主要工作有何不同?其他,,,,,a06z07/請問您目前的工作與95年1月的工作有何不同?其他,a06z07/請問您目前的主要工作與96年1月的主要工作不同是否有其他不同,a06z07/請問您目前的主要工作與97年1月的主要工作有何不同?其他,a06z07/請問您目前的主要工作與100年1月的主要工作有何不同(97) 其他,,,
您這份工作的公司約有多少位員工(包含受訪者本人)?,,,,,a09b01/您這份工作的工作地點是在那裡?,a09b01/您這份工作的工作地點是在那裡?,a09f02/您這份工作的工作地點地區碼,a09b02/您這份工作的工作地點是在那裡?地區碼,a07b/您這份工作的公司約有多少位員工(包含受訪者本人)?,a08b/您這份工作的公司約有多少位員工(包含受訪者本人)?,V
您這份工作的公司約有多少位員工(包含受訪者本人)?,,,,,a09b01/您這份工作的工作地點是在那裡?,a09b01/您這份工作的工作地點是在那裡?,,a09b02/您這份工作的工作地點是在那裡?地區碼,a07b/您這份工作的公司約有多少位員工(包含受訪者本人)?,a08b/您這份工作的公司約有多少位員工(包含受訪者本人)?,V
您這份工作收入是按小時，按日計酬支領收入?,,,,,a10a01/您這份工作收入是按小時，按日計酬支領收入?,a10a01/您這份工作收入是否按小時、按日計酬,a10c01/您這份工作收入是按小時，按日計酬?,,a08c01/您這份工作收入是按小時，按日計酬?,a09b01/您這份工作收入是按小時，按日計酬的?,
您這份工作收入按小時、按日計酬，每月平均約__元,,,,,a10a02/您這份工作收入是按小時，按日計酬，每月平均約__元,a10a02/您這份工作收入按小時、按日計酬，每月平均約__元,a10c02/您這份工作收入是按月計酬?,a10c02/您這份工作收入是用什麼方式領的 (2) 按月計酬,a08c02/您這份工作收入是按月計酬?,a09b02/您這份工作收入是按月計酬的?,V
您這份工作收入是按小時，按日計酬，每月平均約__元,,,,,a10a02/您這份工作收入是按小時，按日計酬，每月平均約__元,a10a02/您這份工作收入按小時、按日計酬，每月平均約__元,,,,,V
您這份工作收入是按月計酬支領收入?,,,,,a10a03/您這份工作收入是按月計酬支領收入?,a10a03/您這份工作收入是否按月計酬,a10c02/您這份工作收入是按月計酬?,,a08c02/您這份工作收入是按月計酬?,a09b02/您這份工作收入是按月計酬的?,V
您這份工作收入是否按月計酬,,,,,a10a03/您這份工作收入是按月計酬支領收入?,a10a03/您這份工作收入是否按月計酬,a10c03/您這份工作收入是獎金，分紅等不固定的收入?,a10c03/您這份工作收入是用什麼方式領的 (3) 獎金(不含年終獎金)、分紅等不固定的收入,a08c03/您這份工作收入是獎金(不含年終獎金)，分紅等不固定的收入?,a09b03/您這份工作收入是獎金(不含年終獎金)，分紅等不固定收入?,V
在正常的情形下，您這份工作平均每週大約工作幾個小時?,,,,,a11a/在正常的情形下，您這份工作平均每週大約工作幾個小時?,a11a/在正常的情形下，您這份工作平均每週大約工作幾個小時?,a11a/在正常的情形下，您這份工作平均每週大約工作幾個小時?,,,,
請問您這份工作做了多久了?__年,,,,,a11b01/請問您這份工作做了多久了?__年,a11b01/請問您這份工作做了多久了?__年,a11b01/請問您這份工作做了多久了?__年,,,,V
請問您這份工作做了多久了?__月,,,,,a11b02/請問您這份工作做了多久了?又__月,a11b02/請問您這份工作做了多久了?__月,a11b02/請問您這份工作做了多久了?又__月,,,,
請問您這份工作做了多久了?又__月,,,,,a11b02/請問您這份工作做了多久了?又__月,,a11b01/請問您這份工作做了多久了?__年,,,,V
請問(他/她)目前的主要工作與97年1月的主要工作有何不同?雇主改變,,,,,a21b01/請問(他/她)目前的工作與95年1月的工作有何不同?雇主改變,a21b01/請問(他/她)目前的主要工作與96年1月的主要工作是否雇主改變,a21z01/請問(他/她)目前的主要工作與97年1月的主要工作有何不同?雇主改變,a21z01/請問(他/她)目前的主要工作與100年1月的主要工作有何不同(01) 雇主改變,,,
(他/她)這份工作的公司約有多少位員工(包含受訪者配偶本人)?,,,,,a24b01/(他/她)這份工作的工作地點是在那裡?,a24b01/(他/她)這份工作的工作地點是在那裡?,a24b01/(他/她)這份工作的工作地點是在那裡?,a24b01/(他/她)這份工作的工作地點是在那裡,a31b/(他/她)這份工作的公司約有多少位員工(包含受訪者配偶本人)?,,V
(他/她)這份工作的工作地點是在那裡?,,,,,a24b01/(他/她)這份工作的工作地點是在那裡?,a24b01/(他/她)這份工作的工作地點是在那裡?,a24b01/(他/她)這份工作的工作地點是在那裡?,a24b01/(他/她)這份工作的工作地點是在那裡,a31c01/(他/她)這份工作的工作地點是在那裡?,,
(他/她)這份工作的工作地點地區碼,,,,,a24b02/(他/她)這份工作的工作地點地區碼,,a24b02/(他/她)這份工作的工作地點地區碼,,a31c02/(他/她)這份工作的工作地點地區碼是?,,
平常(他/她)每天上下班(來回)總共需要__分鐘,,,,,a24c02/平常(他/她)每天上下班總共需要交通時間，約__分鐘(以最常用的交通工具為主),a24c02/平常(他/她)每天上下班總共需要交通時間約__分鐘,a24c02/若需要交通時間，約__分鐘(以最常用的交通工具為主),a24c02/平常(他/她)每天上下班(來回)總共需要__分鐘,,,
(他/她)這份工作收入是按小時，按日計酬?,,,,,a25a01/(他/她)這份工作收入是按小時，按日計酬支領收入?,a25a01/(他/她)這份工作收入是否按小時、按日計酬,a25c01/(他/她)這份工作收入是按小時，按日計酬?,,a32c01/(他/她)這份工作收入是按小時，按日計酬?,,V
(他/她)這份工作收入是按小時，按日計酬，每月平均約__元,,,,,a25a02/(他/她)這份工作收入是按小時，按日計酬，每月平均約__元,a25a02/(他/她)這份工作收入按小時、按日計酬，每月平均約__元,,,,,
請問(他/她)這份工作做了多久了?__年,,,,,a26b01/請問(他/她)這份工作做了多久了?__年,a26b01/請問(他/她)這份工作做了多久了?__年,a26b01/請問(他/她)這份工作做了多久了?__年,,,,V
請問(他/她)這份工作做了多久了?__年,,,,,a26b01/請問(他/她)這份工作做了多久了?__年,a26b01/請問(他/她)這份工作做了多久了?__年,a26b01/請問(他/她)這份工作做了多久了?__年,,,,V
請問(他/她)這份工作做了多久了?__年,,,,,a26b01/請問(他/她)這份工作做了多久了?__年,a26b01/請問(他/她)這份工作做了多久了?__年,a26b01/請問(他/她)這份工作做了多久了?__年,,,,V
請問(他/她)這份工作做了多久了?__年,,,,,a26b01/請問(他/她)這份工作做了多久了?__年,a26b01/請問(他/她)這份工作做了多久了?__年,a26b02/請問(他/她)這份工作做了多久了?又__月,,,,V
請問(他/她)這份工作做了多久了?又__月,,,,,a26b02/請問(他/她)這份工作做了多久了?又__月,a26b02/請問(他/她)這份工作做了多久了?又__月,a26b01/請問(他/她)這份工作做了多久了?__年,,,,V
請問(他/她)這份工作做了多久了?又__月,,,,,a26b02/請問(他/她)這份工作做了多久了?又__月,a26b02/請問(他/她)這份工作做了多久了?又__月,a26b02/請問(他/她)這份工作做了多久了?又__月,,,,V
請問(他/她)這份工作做了多久了?又__月,,,,,a26b02/請問(他/她)這份工作做了多久了?又__月,a26b02/請問(他/她)這份工作做了多久了?又__月,a26b02/請問(他/她)這份工作做了多久了?又__月,,,,V
請問(他/她)這份工作做了多久了?又__月,,,,,a26b02/請問(他/她)這份工作做了多久了?又__月,a26b02/請問(他/她)這份工作做了多久了?又__月,a26b02/請問(他/她)這份工作做了多久了?又__月,,,,V
請問(他/她)過去這一個月之內有沒有在找工作或準備開始創業(不含兼差)?,,,,,a28b01/請問(他/她)過去這一個月之內有沒有在找工作或準備開始創業(不含兼差)?,a28b01/請問(他/她)過去這一個月之內有沒有在找工作或準備開始創業(不含兼差)?,a28b01/請問(他/她)過去這一個月之內有沒有在找工作或準備開始創業(不含兼差)?,,,,
若有，從開始找工作到目前為止已找了__月,,,,,a28b02/若有，從開始找工作到目前為止已找了__月,a28b02/若有，從開始找工作到目前為止已找了__月,a28b02/若有，從開始找工作到目前為止已找了__月,,,,
目前與您同住的(不含受訪者本人)，一共有多少人?__人,,,,,b04a/目前與您同住的(不含受訪者本人)，一共有多少人?__人,b04a/目前與您同住的(不含受訪者本人)，一共有多少人?,,,,,
住宅狀況:房子是誰的,,,,,b08a/住宅狀況:房子是誰的,,b08a/住宅狀況:房子是誰的?,,,,
住宅狀況:庭院__坪,,,,,b08c02/住宅狀況:庭院__坪,,b08c02/住宅狀況:庭院__坪,,,,
住宅狀況:房間數多少?__房,,,,,b08d01/住宅狀況:房間數多少?__房,,b08d01/住宅狀況:房間數多少?__房,,,,
住宅狀況:__廳,,,,,b08d02/住宅狀況:__廳,,b08d02/住宅狀況:__廳,,,,
住宅狀況:__衛浴,,,,,b08d03/住宅狀況:__衛浴,,b08d03/住宅狀況:__衛浴,,,,
健在子女1:排行,,,,,b13ac1/健在子女1:排行,,b13ac1/健在子女1:排行,,,,
健在子女2:排行,,,,,b13ac2/健在子女2:排行,,b13ac2/健在子女2:排行,,,,
健在子女3:排行,,,,,b13ac3/健在子女3:排行,,b13ac3/健在子女3:排行,,,,
健在子女4:排行,,,,,b13ac4/健在子女4:排行,,b13ac4/健在子女4:排行,,,,
健在子女5:排行,,,,,b13ac5/健在子女5:排行,,b13ac5/健在子女5:排行,,,,
健在子女6:排行,,,,,b13ac6/健在子女6:排行,,b13ac6/健在子女6:排行,,,,
健在子女1:性別,,,,,b13bc1/健在子女1:性別,,b13bc1/健在子女1:性別,,,,
健在子女2:性別,,,,,b13bc2/健在子女2:性別,,b13bc2/健在子女2:性別,,,,
健在子女3:性別,,,,,b13bc3/健在子女3:性別,,b13bc3/健在子女3:性別,,,,
健在子女4:性別,,,,,b13bc4/健在子女4:性別,,b13bc4/健在子女4:性別,,,,
健在子女5:性別,,,,,b13bc5/健在子女5:性別,,b13bc5/健在子女5:性別,,,,
健在子女6:性別,,,,,b13bc6/健在子女6:性別,,b13bc6/健在子女6:性別,,,,
健在子女1:出生年,,,,,b13c01c1/健在子女1:出生年,,b13c01c1/健在子女1:出生年,,,b12c01z01c1/健在子女1出生年,V
健在子女1:出生年,,,,,b13c01c1/健在子女1:出生年,,b13c02c1/健在子女1:出生月,,,b12c01z01c1/健在子女1出生年,V
健在子女2:出生年,,,,,b13c01c2/健在子女2:出生年,,b13c01c2/健在子女2:出生年,,,,
健在子女3:出生年,,,,,b13c01c3/健在子女3:出生年,,b13c01c3/健在子女3:出生年,,,,
健在子女4:出生年,,,,,b13c01c4/健在子女4:出生年,,b13c01c4/健在子女4:出生年,,,,
健在子女5:出生年,,,,,b13c01c5/健在子女5:出生年,,b13c01c6/健在子女6:出生年,,,,
健在子女6:出生年,,,,,b13c01c6/健在子女6:出生年,,b13c01c5/健在子女5:出生年,,,,
健在子女1:出生月,,,,,b13c02c1/健在子女1:出生月,,b13c02c1/健在子女1:出生月,,,b12c01z02c1/健在子女1出生月,V
健在子女2:出生月,,,,,b13c02c2/健在子女2:出生月,,b13c02c2/健在子女2:出生月,,,,
健在子女3:出生月,,,,,b13c02c3/健在子女3:出生月,,b13c02c3/健在子女3:出生月,,,,
健在子女4:出生月,,,,,b13c02c4/健在子女4:出生月,,b13c02c4/健在子女4:出生月,,,,
健在子女1:教育程度,,,,,b13dc1/健在子女1:教育程度,,b13dc1/健在子女1:教育程度,,,,
健在子女2:教育程度,,,,,b13dc2/健在子女2:教育程度,,b13dc2/健在子女2:教育程度,,,,
健在子女3:教育程度,,,,,b13dc3/健在子女3:教育程度,,b13dc3/健在子女3:教育程度,,,,
健在子女4:教育程度,,,,,b13dc4/健在子女4:教育程度,,b13dc4/健在子女4:教育程度,,,,
健在子女5:教育程度,,,,,b13dc5/健在子女5:教育程度,,b13dc6/健在子女6:教育程度,,,,
健在子女6:教育程度,,,,,b13dc6/健在子女6:教育程度,,b13dc5/健在子女5:教育程度,,,,
健在子女1:目前有沒有工作?,,,,,b13ec1/健在子女1:目前有沒有工作?,,b13ec1/健在子女1:目前有沒有工作?,,,,
健在子女2:目前有沒有工作?,,,,,b13ec2/健在子女2:目前有沒有工作?,,b13ec2/健在子女2:目前有沒有工作?,,,,
健在子女3:目前有沒有工作?,,,,,b13ec3/健在子女3:目前有沒有工作?,,b13ec3/健在子女3:目前有沒有工作?,,,,
健在子女4:目前有沒有工作?,,,,,b13ec4/健在子女4:目前有沒有工作?,,b13ec4/健在子女4:目前有沒有工作?,,,,
健在子女5:目前有沒有工作?,,,,,b13ec5/健在子女5:目前有沒有工作?,,b13ec5/健在子女5:目前有沒有工作?,,,,V
健在子女5:目前有沒有工作?,,,,,b13ec5/健在子女5:目前有沒有工作?,,b13ec6/健在子女6:目前有沒有工作?,,,,V
健在子女6:目前有沒有工作?,,,,,b13ec6/健在子女6:目前有沒有工作?,,b13ec6/健在子女6:目前有沒有工作?,,,,V
健在子女1:去年到現在有否改變住處?,,,,,b13fc1/健在子女1:去年到現在有否改變住處?,,b13fc1/健在子女1:去年到現在有否改變住處?,,,,
健在子女2:去年到現在有否改變住處?,,,,,b13fc2/健在子女2:去年到現在有否改變住處?,,b13fc2/健在子女2:去年到現在有否改變住處?,,,,
健在子女3:去年到現在有否改變住處?,,,,,b13fc3/健在子女3:去年到現在有否改變住處?,,b13fc3/健在子女3:去年到現在有否改變住處?,,,,
健在子女3:去年到現在有否改變住處?,,,,,b13fc3/健在子女3:去年到現在有否改變住處?,,b13fc4/健在子女4:去年到現在有否改變住處?,,,,V
健在子女4:去年到現在有否改變住處?,,,,,b13fc4/健在子女4:去年到現在有否改變住處?,,b13fc4/健在子女4:去年到現在有否改變住處?,,,,V
健在子女1:住處與您的距離多遠?,,,,,b13gc1/健在子女1:住處與您的距離多遠?,,b13gc1/健在子女1:目前住處與您的距離多遠?,,,b12p01c1/健在子女1目前住處與您的距離多遠?,
健在子女2:住處與您的距離多遠?,,,,,b13gc2/健在子女2:住處與您的距離多遠?,,b13gc2/健在子女2:目前住處與您的距離多遠?,,,b12p01c2/健在子女2目前住處與您的距離多遠?,
健在子女3:住處與您的距離多遠?,,,,,b13gc3/健在子女3:住處與您的距離多遠?,,b13gc3/健在子女3:目前住處與您的距離多遠?,,,b12p01c3/健在子女3目前住處與您的距離多遠?,
健在子女4:住處與您的距離多遠?,,,,,b13gc4/健在子女4:住處與您的距離多遠?,,b13gc4/健在子女4:目前住處與您的距離多遠?,,,b12p01c4/健在子女4目前住處與您的距離多遠?,
請問過去一年來，您的子女有沒有給您(或您配偶)零用金，生活費或節慶紅包?,,,,,b13j01/請問過去一年來，您的子女有沒有給您(或您配偶)零用金，生活費或節慶紅包?,b13j01/請問過去一年來，您的子女有沒有給您(或您配偶)零用金、生活費或節慶紅包?,b13k01/請問過去一年來，您的子女有沒有給您(或您配偶)零用金，生活費或節慶紅包?,,b15a01/過去一年，您的子女有沒有給您或您配偶零用金、生活費或節慶紅包?,,
請問過去一年來，您的子女給您(或您配偶)零用金，生活費或節慶紅包平均每個月大約__元,,,,,b13j02/請問過去一年來，您的子女給您(或您配偶)零用金，生活費或節慶紅包平均每個月大約__元,b13j02/請問過去一年來，您的子女有給您(或您配偶)零用金、生活費或節慶紅包，平均每個月大約__元,b13k02/請問過去一年來，若您的子女有給您(或您配偶)零用金，生活費或節慶紅包，平均每個月大約__元,,b15a02/如果過去一年，您的子女有給您或您配偶零用金、生活配或節慶紅包，平均每月大約____元,,
請問您母親目前的健康情形如何?,,,,,b14b/請問您母親目前的健康情形如何?,,,,,b16bf1/請問您與您的父親去年見面次數?,V
請問您配偶父親的最高教育程度是什麼?,,,,,b14c/請問您配偶父親的最高教育程度是什麼?,,b18a/請問您配偶父親的最高教育程度是什麼?,,,,
請問您與您的父親去年見面次數?,,,,,b14if1/父親與您去年見面次數?,,,,,b16bf1/請問您與您的父親去年見面次數?,V
配偶父親與您去年見面次數?,,,,,b14if2/配偶父親與您去年見面次數?,,b20e/請問您與您配偶父親去年見面次數?,,b23gf2/請問您與您的配偶父親去年見面次數?,b21bf2/請問您與您的配偶父親去年見面次數?,V
母親與您去年見面次數?,,,,,b14im1/母親與您去年見面次數?,,b17e/請問您與您母親去年見面次數?,,b20fm1/請問您與您的母親去年見面次數?,b16bm1/請問您與您的母親去年見面次數?,
配偶母親與您去年見面次數?,,,,,b14im2/配偶母親與您去年見面次數?,,b21e/請問您與您配偶母親去年見面次數?,,b23gm2/請問您與您的配偶母親去年見面次數?,b21bm2/請問您與您的配偶母親去年見面次數?,
在去年之中，請問您的父母是否有政府社會福利補助的收入來源?,,,,,b15c02/在去年之中，請問您的父母是否有政府社會福利補助的收入來源?,b15c02/在去年之中，請問您的父母是否曾經獲得下列收入來源?政府社會福利補助,,,,,
請問您的父親平常是否獨居,,,,,b15d09/請問您的父親平常有沒有獨居?,b15d09/請問您的父親平常是否獨居,,,,,V
請問您的父親平常有沒有獨居?,,,,,b15d09/請問您的父親平常有沒有獨居?,b15d09/請問您的父親平常是否獨居,,,,,V
請問您的父親平常是否獨居?,,,,,b15d09/請問您的父親平常有沒有獨居?,,b16a09/請問您的父親平常是否獨居?,,,,V
請問您的父親平常有沒有獨居?,,,,,b15d09/請問您的父親平常有沒有獨居?,,b16a09/請問您的父親平常是否獨居?,,,,V
請問您的父親平常有沒有住安養機構?,,,,,b15d10/請問您的父親平常有沒有住安養機構?,b15d10/請問您的父親平常是否住在安養機構,,,,,V
請問您的父親平常是否住在安養機構,,,,,b15d10/請問您的父親平常有沒有住安養機構?,b15d10/請問您的父親平常是否住在安養機構,,,,,V
請問您的父親平常有沒有住安養機構?,,,,,b15d10/請問您的父親平常有沒有住安養機構?,,b16a10/請問您的父親平常是否住安養機構?,,,,V
請問您的父親平常是否住安養機構?,,,,,b15d10/請問您的父親平常有沒有住安養機構?,,b16a10/請問您的父親平常是否住安養機構?,,,,V
請問您的父親平常有沒有住安養機構?,,,,,b15d10/請問您的父親平常有沒有住安養機構?,,,,,b15a10f1/請問您的父親平常住安養機構?,
請問您的母親平常有沒有獨居?,,,,,b15e09/請問您的母親平常有沒有獨居?,,b16a09/請問您的父親平常是否獨居?,,,,V
請問您的母親平常有沒有獨居?,,,,,b15e09/請問您的母親平常有沒有獨居?,,,,b20b09m1/請問您的母親平常獨居?,,V
請問您的母親平常有沒有獨居?,,,,,b15e09/請問您的母親平常有沒有獨居?,,,,,b15a09m1/請問您的母親平常獨居?,V
請問您的母親平常有沒有住安養機構?,,,,,b15e10/請問您的母親平常有沒有住安養機構?,,b16a10/請問您的父親平常是否住安養機構?,,,,V
請問您的母親平常有沒有住安養機構?,,,,,b15e10/請問您的母親平常有沒有住安養機構?,,,,b20b10m1/請問您的母親平常住安養機構?,,V
請問您的母親平常有沒有住安養機構?,,,,,b15e10/請問您的母親平常有沒有住安養機構?,,,,,b15a10m1/請問您的母親平常住安養機構?,V
在去年(95年)之中，您(或您的配偶)經營，投資事業或做生意，獲利或虧損，大約__元,,,,,d02z02/在去年(95年)之中，您(或您的配偶)經營，投資事業或做生意，獲利或虧損，大約__元,,c02z02/若有經營，投資事業或做生意，去年獲利或虧損約__元,,,c03z02/若有經營，投資事業或做生意，去年約獲利或虧損__元,
在去年(95年)之中，如果您的配偶有工作的話，全部的工作收入大約有多少?,,,,,d03b01/在去年(95年)之中，如果您的配偶有工作的話，全部的工作收入大約有多少?,,c03b01/在去年(97年)之中，如果您的配偶有工作的話，全部的工作收入大約有多少?,,,,
在去年(95年)之中，您的配偶是否曾經領取退休金?,,,,,d04b01/在去年(95年)之中，您的配偶是否曾經領取退休金?,c04b01/在去年(96年)之中，您的配偶是否曾經領取退休金?,c04b01/在去年(97年)之中，您的配偶是否曾經領取退休金?,,c04b01/在去年之中，您配偶是否曾經領取退休金?(1999及2000抽樣樣本作答),c11a01/在過去兩年(105，106年)之中，您的配偶是否曾經領取退休金?,V
在去年(95年)之中，您的配偶先領一部份，然後再按月領取退休金，去年共領__元,,,,,d04b06/在去年(95年)之中，您的配偶先領一部份，然後再按月領取退休金，去年共領__元,c04b06/在去年(96年)之中，您的配偶先領一部份，然後再按月領取退休金，去年共領__元,,,,,
除了上面所談到的這些收入之外，您或您的配偶是否有股利收入,,,,,d05z05/除了上面所談到的這些收入之外，您或您的配偶是否有股利收入?,c05z05/除了上面所談到的這些收入之外，您或您的配偶是否有股利收入,,,,,V
若有股利收入，去年的收入大約__元,,,,,d05z06/除了上面所談到的這些收入之外，您或您的配偶的股利收入大約__元,c05z06/若有股利收入，去年的收入大約__元,c05z06/若有股利收入，去年的收入大約__元,,,,
除了上面所談到的這些收入之外，您或您的配偶是否有其他收入來源,,,,,d05z07/除了上面所談到的這些收入之外，您或您的配偶是否有其他收入來源?,c05z07/除了上面所談到的這些收入之外，您或您的配偶是否有其他收入來源,,,,,V
您對您目前的工作滿意嗎?,,,,,d07d/您對您目前的工作滿意嗎?,c07a/您對您目前的工作滿意嗎?,c07a/您對您目前的工作滿意嗎?,,c07a/您對您目前的工作滿意嗎?,a06b/您對您目前的工作滿意嗎?,
您對目前的家庭生活滿意嗎?,,,,,d07e/您對目前的家庭生活滿意嗎?,c07b/您對目前的家庭生活滿意嗎?,c07b/您對目前的家庭生活滿意嗎?,,c07b/您對目前的家庭生活滿意嗎?,b08/您對目前的家庭生活滿意嗎?,
在過去一年裡，您(和您配偶)標會支出活會平均每月__元,,,,,d08b01/在過去一年裡，您(和您配偶)標會支出活會平均每月__元,,c08b01/在過去一年裡，您(和您配偶)標會支出活會平均每月__元,,,,
在過去一年裡，您(和您配偶)標會支出死會平均每月__元,,,,,d08b02/在過去一年裡，您(和您配偶)標會支出死會平均每月__元,c08b02/在過去一年裡，您(和您配偶)死會平均每月__元,,,,,
受訪者與戶籍地戶長之關係,,,,,x07/受訪者與戶籍地戶長之關係,x07/受訪者與戶籍地戶長之關係,x07/受訪者與戶籍地戶長之關係,x07/受訪者與戶籍地戶長之關係,x07/受訪者與戶籍地戶長之關係,,
請問您是不是民國__年出生?,,,,,,a02a/請問您是不是民國__年出生?,,a02a01/請問您是不是民國__年出生,a02b01/請問您是民國__月出生的?,a02a/請問您是不是民國__年出生?,V
請問您是民國__月出生的?,,,,,,a02a/請問您是不是民國__年出生?,,a02b01/請問您是不是(陽曆)__月出生,a02b01/請問您是民國__月出生的?,,V
請問您是(陽曆)__月出生?，生肖屬__?,,,,,,a02b/請問您是(陽曆)__月出生?，生肖屬__?,,a02b01/請問您是不是(陽曆)__月出生,a02b01/請問您是民國__月出生的?,,V
請問您目前的主要工作與100年1月的主要工作有何不同(01) 雇主改變,,,,,,a06z01/請問您目前的主要工作與96年1月的主要工作不同是否雇主改變,a06z01/請問您目前的主要工作與97年1月的主要工作有何不同?雇主改變,a06z01/請問您目前的主要工作與100年1月的主要工作有何不同(01) 雇主改變,,,
請問您目前的主要工作與100年1月的主要工作有何不同(04) 職位改變,,,,,,a06z04/請問您目前的主要工作與96年1月的主要工作不同是否職位改變,a06z04/請問您目前的主要工作與97年1月的主要工作有何不同?職位改變,a06z04/請問您目前的主要工作與100年1月的主要工作有何不同(04) 職位改變,,,
您目前的這份工作最主要是以何種方式找到的?,,,,,,a08a/您目前的這份工作最主要是以何種方式找到的?,,,a11b/您目前的這份工作最主要是以何種方式找到的?,a12e/您目前的這份工作最主要是以何種方式找到的?,V
若您每天上下班(來回)需要多少交通時間，約__分鐘,,,,,,a09c02/平常您每天上下班總共需要交通時間約__分鐘,,a09c02/若您每天上下班(來回)需要多少交通時間，約__分鐘,,,
您這份工作收入是否用其他方式領的,,,,,,a10a09/您這份工作收入是否用其他方式領的,a10c05/您這份工作收入是其他方式支領的?,,a08c05/您這份工作收入是其他方式領取?,a09b07/您這份工作收入是其他方式領的?,
請問(他/她)是在哪一年出生的?配偶(同居人)出生年,,,,,,a17/請問(他/她)是在哪一年出生的?配偶(同居人)出生年,a17z02/請問(他/她)是在哪一年出生的?__月份,a17z01/請問(他/她)是在哪一年出生的,,,V
(他/她)目前的這份工作最主要是以何種方式找到的?,,,,,,a23a/(他/她)目前的這份工作最主要是以何種方式找到的?,a23a/(他/她)目前的這份工作最主要是以何種方式找到的?,a23a/(他/她)目前的這份工作最主要是以何種方式找到的,,,
(他/她)這份工作收入是否用其他方式領的,,,,,,a25a09/(他/她)這份工作收入是否用其他方式領的,a25c05/(他/她)這份工作收入是其他方式支領的?,,a32c05/(他/她)這份工作收入是其他方式領取?,,
若有，從開始找工作到目前為止已又找了__週,,,,,,a28b03/若有，從開始找工作到目前為止已又找了__週,,,,a16a03/若有，從開始找工作到目前為止已找了__週,
這些同住的人包括有幾人 (1) 父親,,,,,,b04b01/這些同住的人包括:父親__人,,b04b01/這些同住的人包括有幾人 (1) 父親,,b07b01/這些同住的人包括父親,
這些同住的人包括:母親__人,,,,,,b04b02/這些同住的人包括:母親__人,,b04b02/這些同住的人包括有幾人 (2) 母親,,b07b02/這些同住的人包括母親,
這些同住的人包括有幾人 (3) 受訪者配偶/同居人,,,,,,b04b03/這些同住的人包括:受訪者配偶__人,,b04b03/這些同住的人包括有幾人 (3) 受訪者配偶/同居人,,b07b03/這些同住的人包括受訪者配偶(同居伴侶),
這些同住的人包括有幾人 (4) 配偶父親,,,,,,b04b04/這些同住的人包括:配偶父親__人,,b04b04/這些同住的人包括有幾人 (4) 配偶父親,,b07b04/這些同住的人包括配偶父親,
這些同住的人包括:配偶母親__人,,,,,,b04b05/這些同住的人包括:配偶母親__人,,,,b07b05/這些同住的人包括配偶母親,
這些同住的人包括:已婚兒子__人,,,,,,b04b06/這些同住的人包括:已婚兒子__人,,,,b07b06/這些同住的人包括已婚兒子__人,
這些同住的人包括:已婚女兒__人,,,,,,b04b07/這些同住的人包括:已婚女兒__人,,b04b07/這些同住的人包括有幾人 (7) 已婚女兒,,b07b07/這些同住的人包括已婚女兒__人,
這些同住的人包括:未婚兒子__人,,,,,,b04b08/這些同住的人包括:未婚兒子__人,,,,b07b08/這些同住的人包括未婚兒子__人,
這些同住的人包括:未婚女兒__人,,,,,,b04b09/這些同住的人包括:未婚女兒__人,,b04b09/這些同住的人包括有幾人 (09) 未婚女兒,,b07b09/這些同住的人包括未婚女兒__人,
這些同住的人包括:兒子配偶__人,,,,,,b04b10/這些同住的人包括:兒子配偶__人,,,,b07b10/這些同住的人包括兒子配偶__人,
這些同住的人包括有幾人 (11) 女兒配偶,,,,,,b04b11/這些同住的人包括:女兒配偶__人,,b04b11/這些同住的人包括有幾人 (11) 女兒配偶,,b07b11/這些同住的人包括女兒配偶__人,
這些同住的人包括:兄弟的配偶__人,,,,,,b04b16/這些同住的人包括:兄弟的配偶__人,,b04b16/這些同住的人包括有幾人 (16) 兄弟的配偶,,b07b16/這些同住的人包括兄弟的配偶__人,
這些同住的人包括:姊妹的配偶__人,,,,,,b04b17/這些同住的人包括:姊妹的配偶__人,,,,b07b17/這些同住的人包括姊妹的配偶__人,
這些同住的人包括:其他親屬__人,,,,,,b04b32/這些同住的人包括:其他親屬__人,,,,b07b33/這些同住的人包括其他親屬__人,
這些同住的人包括:非親屬__人,,,,,,b04b33/這些同住的人包括:非親屬__人,,,,b07b34/這些同住的人包括非親屬__人,
請問97年1月之後您有沒有新的工作機會或工作變動的機會?,,,,,,b05a/請問96年1月之後您有沒有新的工作機會或工作變動的機會?,b05a/請問97年1月之後您有沒有新的工作機會或工作變動的機會?,,,,V
子女3排行,,,,,,b13ac3/子女3排行,,,b14ac3/子女3排行,,
子女4排行,,,,,,b13ac4/子女4排行,,,b14ac4/子女4排行,,
子女5排行,,,,,,b13ac5/子女5排行,,,b14ac5/子女5排行,,
子女6排行,,,,,,b13ac6/子女6排行,,b13ac6/子女6排行,b14ac6/子女6排行,,
子女4性別,,,,,,b13bc4/子女4性別,,,b14bc4/子女4性別,,
子女5性別,,,,,,b13bc5/子女5性別,,,b14bc5/子女5性別,,
子女6性別,,,,,,b13bc6/子女6性別,,b13bc6/子女6性別,b14bc6/子女6性別,,
子女2出生年,,,,,,b13c01c2/子女2出生年,,,b14c01c2/子女2出生年,,
子女3出生年,,,,,,b13c01c3/子女3出生年,,,b14c01c3/子女3出生年,,
子女4出生年,,,,,,b13c01c4/子女4出生年,,,b14c01c4/子女4出生年,,
子女5出生年,,,,,,b13c01c5/子女5出生年,,,b14c01c5/子女5出生年,,
子女6出生年,,,,,,b13c01c6/子女6出生年,,,b14c01c6/子女6出生年,,
子女3出生月,,,,,,b13c02c2/子女2出生月,,,b14c02c3/子女3出生月,,V
子女4出生月,,,,,,b13c02c4/子女4出生月,,,b14c02c4/子女4出生月,,
子女5出生月,,,,,,b13c02c5/子女5出生月,,,b14c02c5/子女5出生月,,
子女6出生月,,,,,,b13c02c6/子女6出生月,,,b14c02c6/子女6出生月,,
子女1教育程度,,,,,,b13dc1/子女1教育程度,,,b14dc1/子女1教育程度,,
子女4教育程度,,,,,,b13dc4/子女4教育程度,,,,b12gc4/健在子女4教育狀況,
子女5教育程度,,,,,,b13dc5/子女5教育程度,,,b14dc5/子女5教育程度,,
子女6教育程度,,,,,,b13dc6/子女6教育程度,,,b14dc6/子女6教育程度,,
子女1目前有沒有工作?,,,,,,b13ec1/子女1目前有沒有工作?,,,b14lc1/子女1目前有沒有工作,,V
子女2目前有沒有工作?,,,,,,b13ec2/子女2目前有沒有工作?,,,b14lc2/子女2目前有沒有工作,,V
子女3目前有沒有工作?,,,,,,b13ec3/子女3目前有沒有工作?,,,b14lc3/子女3目前有沒有工作,,
子女4目前有沒有工作?,,,,,,b13ec4/子女4目前有沒有工作?,,,b14lc4/子女4目前有沒有工作,,
子女5目前有沒有工作?,,,,,,b13ec5/子女5目前有沒有工作?,,,b14lc5/子女5目前有沒有工作,,
子女6目前有沒有工作?,,,,,,b13ec6/子女6目前有沒有工作?,,,b14lc6/子女6目前有沒有工作,,
子女5目前住處與您的距離多遠?,,,,,,b13gc5/子女5目前住處與您的距離多遠?,,,b14nc5/子女5目前住處與您的距離多遠,,
子女6目前住處與您的距離多遠?,,,,,,b13gc6/子女6目前住處與您的距離多遠?,,,b14nc6/子女6目前住處與您的距離多遠,,
子女1每月打電話(含msn、視訊)次數?,,,,,,b13hc1/子女1每月打電話(含msn、視訊)次數?,,,b14oc1/子女1每月打電話(含網路即時通訊)次數?,,
子女2每月打電話(含msn、視訊)次數?,,,,,,b13hc2/子女2每月打電話(含msn、視訊)次數?,,,b14oc2/子女2每月打電話(含網路即時通訊)次數?,,
子女3每月打電話(含msn、視訊)次數?,,,,,,b13hc3/子女3每月打電話(含msn、視訊)次數?,,,b14oc3/子女3每月打電話(含網路即時通訊)次數?,,
子女4每月打電話(含msn、視訊)次數?,,,,,,b13hc4/子女4每月打電話(含msn、視訊)次數?,,,b14oc4/子女4每月打電話(含網路即時通訊)次數?,,
子女1去年見面次數?,,,,,,b13ic1/子女1去年見面次數?,,,b14qc1/子女1去年見面次數?,b12sc1/健在子女1去年見面次數?,V
子女2去年見面次數?,,,,,,b13ic2/子女2去年見面次數?,,,b14qc2/子女2去年見面次數?,b12sc2/健在子女2去年見面次數?,V
子女3去年見面次數?,,,,,,b13ic3/子女3去年見面次數?,,,b14qc3/子女3去年見面次數?,,
子女4去年見面次數?,,,,,,b13ic4/子女4去年見面次數?,,,b14qc4/子女4去年見面次數?,b12sc4/健在子女4去年見面次數?,
子女5去年見面次數?,,,,,,b13ic5/子女5去年見面次數?,,,b14qc5/子女5去年見面次數?,b12sc5/健在子女5去年見面次數?,
子女6去年見面次數?,,,,,,b13ic6/子女6去年見面次數?,,,b14qc6/子女6去年見面次數?,,
請問您的父親平常是否獨居,,,,,,b15d09/請問您的父親平常是否獨居,,,,b15a09f1/請問您的父親平常獨居?,
請問您的父親平常是否住在安養機構,,,,,,b15d10/請問您的父親平常是否住在安養機構,,,b20b10f1/請問您的父親平常住安養機構?,,
請問您的母親平常是否獨居,,,,,,b15e09/請問您的母親平常是否獨居,,,b20b09m1/請問您的母親平常獨居?,,V
請問您的母親平常是否住在安養機構,,,,,,b15e10/請問您的母親平常是否住在安養機構,,,,b15a10m1/請問您的母親平常住安養機構?,V
請問您母親去年到現在有否改變住處?,,,,,,b17a/請問您母親去年到現在有否改變住處?,b17b/請問您母親去年到現在有否改變住處?,,b20cm1/請問您的母親去年到現在是否改變住處?,,
請問您的配偶母親去年到現在是否改變住處?,,,,,,b21a/請問您配偶母親去年到現在有否改變住處?,b21b/請問您配偶母親去年到現在有否改變住處?,,b23dm2/請問您的配偶母親去年到現在是否改變住處?,,V
您領取退休金的方式?先領一部分，然後再按月領取，去年總共領取____元,,,,,,c04a06/在去年(96年)之中，您先領一部份，然後再按月領取退休金，去年共領__元,,,c04a06/您領取退休金的方式?先領一部分，然後再按月領取，去年總共領取____元,,
在去年之中，您配偶是否曾經領取退休金?(1999及2000抽樣樣本作答),,,,,,c04b01/在去年(96年)之中，您的配偶是否曾經領取退休金?,,,c04b01/在去年之中，您配偶是否曾經領取退休金?(1999及2000抽樣樣本作答),,V
您配偶領取退休金的方式?按月領取，每月____元,,,,,,c04b02/在去年(96年)之中，您的配偶按月領取退休金，每月__元,,,c04b02/您配偶領取退休金的方式?按月領取，每月____元,,V
若有其他收入來源，去年的收入大約__元,,,,,,c05z08/若有其他收入來源，去年的收入大約__元,c05z08/若有其他收入來源，去年的收入大約__元,,,,
在去年之中，您的家庭是否曾經得到政府的重大傷病補助,,,,,,c06a08/在去年之中，您的家庭是否曾經得到政府的重大傷病補助,c06a08/在去年之中，您的家庭是否曾經得到政府的重大傷病補助?,,c06a08/在去年之中，您的家庭是否曾經得到政府的重大傷病補助?,,
請先確認並畫記受訪者去年有沒有配偶或其他同住的親人,,,,,,c07c/請先確認並畫記受訪者去年有沒有配偶或其他同住的親人,c08/請先確認並畫記受訪者去年有沒有配偶或其他同住的親人,,,,
請問您的身高是__公分,,,,,,d03/請問您的身高是__公分,,,d07a/請問您的身高是__公分,h07a/請問您的身高是__公分,
整個來說，您最近這陣子的生活過得快樂嗎?,,,,,,,a03c/請問您最高的教育程度是什麼?,a03c/請問您最高的教育程度是什麼,a03c/請問您最高的教育程度是什麼?,a03c/整個來說，您最近這陣子的生活過得快樂嗎?,V
請問您最高的教育程度是什麼,,,,,,,a03c/請問您最高的教育程度是什麼?,a03c/請問您最高的教育程度是什麼,a03c/請問您最高的教育程度是什麼?,,V
您這份工作的公司約有多少位員工(包含受訪者本人)?,,,,,,,a08c/您這份工作的公司約有多少位員工(包含受訪者本人)?,a08c/您這份工作的公司約有多少位員工(包含受訪者本人),a07b/您這份工作的公司約有多少位員工(包含受訪者本人)?,a08b/您這份工作的公司約有多少位員工(包含受訪者本人)?,V
您這份工作平均每個月的總收入有多少?,,,,,,,a10a/您這份工作平均每個月的總收入有多少?,a10a/您這份工作平均每個月的總收入有多少?__元,,,
請問(他/她)目前的主要工作與100年1月的主要工作有何不同(02) 100年1月後才開始工作,,,,,,,a21z02/請問(他/她)目前的主要工作與97年1月的主要工作有何不同?97年1月後才開始工作,a21z02/請問(他/她)目前的主要工作與100年1月的主要工作有何不同(02) 100年1月後才開始工作,,,
請問(他/她)目前的主要工作與100年1月的主要工作有何不同(03) 工作內容改變,,,,,,,a21z03/請問(他/她)目前的主要工作與97年1月的主要工作有何不同?工作內容改變,a21z03/請問(他/她)目前的主要工作與100年1月的主要工作有何不同(03) 工作內容改變,,,
請問(他/她)目前的主要工作與100年1月的主要工作有何不同(04) 職位改變,,,,,,,a21z04/請問(他/她)目前的主要工作與97年1月的主要工作有何不同?職位改變,a21z04/請問(他/她)目前的主要工作與100年1月的主要工作有何不同(04) 職位改變,,,
請問(他/她)目前的主要工作與100年1月的主要工作有何不同(05) 工作地點改變,,,,,,,a21z05/請問(他/她)目前的主要工作與97年1月的主要工作有何不同?工作地點改變,a21z05/請問(他/她)目前的主要工作與100年1月的主要工作有何不同(05) 工作地點改變,,,
請問(他/她)目前的主要工作與100年1月的主要工作有何不同(06) 沒有改變,,,,,,,a21z06/請問(他/她)目前的主要工作與97年1月的主要工作有何不同?沒有改變,a21z06/請問(他/她)目前的主要工作與100年1月的主要工作有何不同(06) 沒有改變,,,
請問(他/她)目前的主要工作與100年1月的主要工作有何不同(97) 其他,,,,,,,a21z07/請問(他/她)目前的主要工作與97年1月的主要工作有何不同?其他,a21z07/請問(他/她)目前的主要工作與100年1月的主要工作有何不同(97) 其他,,,
(他/她)這份工作的公司約有多少位員工(包含受訪者配偶本人)?,,,,,,,a23c/(他/她)這份工作的公司約有多少位員工(包含受訪者配偶本人)?,a23c/(他/她)這份工作的公司約有多少位員工(包含受訪者配偶本人),,,
健在子女1:去年寫信(含email)次數?,,,,,,,b13ic1/健在子女1:去年寫信(含email)次數?,,,b12rc1/健在子女1去年寫信(含email)次數?,
健在子女2:去年寫信(含email)次數?,,,,,,,b13ic2/健在子女2:去年寫信(含email)次數?,,,b12rc2/健在子女2去年寫信(含email)次數?,
請問過去一年來，您的父母有沒有給您(或您配偶)一般生活費上的資助?,,,,,,,b15a01/請問過去一年來，您的父母有沒有給您(或您配偶)一般生活費上的資助?,,b21a01/請問您或您的配偶過去一年來，有沒有接受您父母在一般生活費上的資助或貸款?,b17a01/請問過去一年來，您的父母有沒有給您(或您配偶)一般生活費上的資助?,
請問過去一年來，若您的父母有給您(或您配偶)一般生活費上的資助，平均每個月大約__元,,,,,,,b15a02/請問過去一年來，若您的父母有給您(或您配偶)一般生活費上的資助，平均每個月大約__元,,b21a02/若有接受您父母在一般生活費上的資助或貸款，平均每個月大約__元,b17a02/若有給您(或您配偶)一般生活費上的資助，平均每個月大約__元,
請問過去一年來，您(或您配偶)有沒有給您父母零用金，生活費或節慶紅包?,,,,,,,b15b01/請問過去一年來，您(或您配偶)有沒有給您父母零用金，生活費或節慶紅包?,,b21b01/請問您過去一年來，有沒有在零用金，生活費或節慶紅包給您的父母資助或貸款?,b17b01/請問過去一年來，您(或您配偶)有沒有給您父母零用金，生活費或節慶紅包?,
若有在零用金，生活費或節慶紅包給您的父母資助或貸款，平均每月大約__元,,,,,,,b15b02/請問過去一年來，若您(或您配偶)給您父母零用金，生活費或節慶紅包，平均每個月大約__元,,b21b02/若有在零用金，生活費或節慶紅包給您的父母資助或貸款，平均每月大約__元,b17b02/若您(或您配偶)有給您父母零用金，生活費或節慶紅包，平均每個月大約__元,
在去年之中，請問您的父母是否曾經獲得退休金?,,,,,,,b15c01/在去年之中，請問您的父母是否曾經獲得退休金?,,b21c01/在去年之中，請問您的父母是否曾經獲得下列收入來源?1 退休金,b17c01/在去年之中，請問您的父母是否曾經獲得退休金?,
在去年之中，請問您的父母是否曾經獲得下列收入來源?2 政府社會福利,,,,,,,b15c02/在去年之中，請問您的父母是否曾經獲得政府社會福利補助?,,b21c02/在去年之中，請問您的父母是否曾經獲得下列收入來源?2 政府社會福利,b17c02/在去年之中，請問您的父母是否曾經獲得政府社會福利補助?,
請問您父親去年到現在有否改變住處?,,,,,,,b16b/請問您父親去年到現在有否改變住處?,,b20cf1/請問您的父親去年到現在是否改變住處?,,
請問您父親目前的住處與您的距離多遠?,,,,,,,b16c/請問您父親目前的住處與您的距離多遠?,,,b15bf1/請問您的父親目前住處與您的距離多遠?,
請問您的母親平常輪流住她的子女家同住?,,,,,,,b17a08/請問您的母親平常是否輪流住她的子女家?,,b20b08m1/請問您的母親平常輪流住她的子女家同住?,b15a08m1/請問您的母親平常輪流住她的子女家?,
請問過去一年來，您配偶的父母有沒有給您(或您配偶)一般生活費上的資助?,,,,,,,b19a01/請問過去一年來，您配偶的父母有沒有給您(或您配偶)一般生活費上的資助?,,,b22a01/請問過去一年來，您配偶的父母有沒有給您(或您配偶)一般生活費上的資助?,
請問過去一年來，若您配偶的父母有給您(或您配偶)一般生活費上的資助，平均每個月大約__元,,,,,,,b19a02/請問過去一年來，若您配偶的父母有給您(或您配偶)一般生活費上的資助，平均每個月大約__元,,b24a02/若有接受您配偶父母在一般生活費上的資助或貸款，平均每個月大約__元,,
在去年之中，請問您配偶的父母是否曾經獲得退休金?,,,,,,,b19c01/在去年之中，請問您配偶的父母是否曾經獲得退休金?,,,b22c01/在去年之中，請問您配偶的父母是否曾經獲得退休金?,
請問您配偶的父親去年到現在有否改變住處?,,,,,,,b20b/請問您配偶的父親去年到現在有否改變住處?,,b23df2/請問您的配偶父親去年到現在是否改變住處?,,V
請問您配偶母親去年到現在有否改變住處?,,,,,,,b21b/請問您配偶母親去年到現在有否改變住處?,,b23df2/請問您的配偶父親去年到現在是否改變住處?,b20cf2/請問您的配偶父親上次訪問到現在有否改變住處?,V
在去年之中，您(或您的配偶)有沒有經營、投資事業或做生意(包括店面、攤子、小生意、農場、果園、魚塭等),,,,,,,c02z01/在去年(97年)之中，您(或您的配偶)有沒有經營，投資事業或做生意?,,c02z01/在去年之中，您(或您的配偶)有沒有經營、投資事業或做生意(包括店面、攤子、小生意、農場、果園、魚塭等),c03z01/在去年(106年)之中，您(或您的配偶)有沒有經營，投資事業或做生意?,
若您的配偶有工作，過去一年的收入大約__元,,,,,,,c03b02/若您的配偶有工作，過去一年的收入大約__元,,,c04b02/若您配偶過去一年有工作，收入大約__元,
在過去兩年(105，106年)之中，您是否曾經領取退休金?,,,,,,,c04a01/在去年(97年)之中，您是否曾經領取退休金?,,,c09d01/在過去兩年(105，106年)之中，您是否曾經領取退休金?,
您認為很有同情心這個特徵符不符合您自己的個性?,,,,,,,d06b/您認為很有同情心這個特徵符不符合您自己的個性?,,,h01b/您認為很有同情心符不符合您自己的個性?,
您認為懂得放鬆而且會處理壓力這個特徵符不符合您自己的個性?,,,,,,,d06d/您認為懂得放鬆而且會處理壓力這個特徵符不符合您自己的個性?,,,h01d/您認為懂得放鬆而且會處理壓力符不符合您自己的個性?,
您認為對多花腦筋思考的事物很有興趣這個特徵符不符合您自己的個性?,,,,,,,d06e/您認為對多花腦筋思考的事物很有興趣這個特徵符不符合您自己的個性?,,,h01e/您認為對多花腦筋思考的事物很有興趣符不符合您自己的個性?,
您認為外向，會和人交際這個特徵符不符合您自己的個性?,,,,,,,d06f/您認為外向，會和人交際這個特徵符不符合您自己的個性?,,,h01f/您認為外向，會和人交際符不符合您自己的個性?,
您認為比較會挑別人毛病符不符合您自己的個性?,,,,,,,d06g/您認為比較會挑別人毛病這個特徵符不符合您自己的個性?,,,h01g/您認為比較會挑別人毛病符不符合您自己的個性?,
您認為粗心大意符不符合您自己的個性?,,,,,,,d06h/您認為粗心大意這個特徵符不符合您自己的個性?,,,h01h/您認為粗心大意符不符合您自己的個性?,
您認為容易緊張符不符合您自己的個性?,,,,,,,d06i/您認為容易緊張這個特徵符不符合您自己的個性?,,,h01i/您認為容易緊張符不符合您自己的個性?,
您認為藝術方面的興趣比較少這個特徵符不符合您自己的個性?,,,,,,,d06j/您認為藝術方面的興趣比較少這個特徵符不符合您自己的個性?,,,h01j/您認為藝術方面的興趣比較少符不符合您自己的個性?,
子女編號,,,,,,,x01e/子女編號,,x01e/子女編號,,
請問您目前沒有工作，是屬於下列哪一種情況,,,,,,,,a14a/請問您目前沒有工作，是屬於下列哪一種情況,,a15a/請問您目前沒有工作，是屬於下列哪一種情況?,
請問您目前不打算找工作的原因是什麼,,,,,,,,a14b/請問您目前不打算找工作的原因是什麼,a14b/請問您目前不打算找工作的原因是什麼?,a15b/請問您目前不打算找工作的原因是什麼?,
在正常的情形下，(他/她)這份工作平均每週大約工作幾個小時?,,,,,,,,a26a/在正常的情形下，(他/她)這份工作平均每週大約工作幾個小時,a33b/在正常的情形下，(他/她)這份工作平均每週大約工作幾個小時?,,
請問(他/她)是由人力派遣公司付薪水的嗎?,,,,,,,,a26c/請問(他/她)是由人力派遣公司付薪水的嗎,a33a/請問(他/她)是由人力派遣公司付薪水的嗎?,,
請問(他/她)目前沒有工作，是屬於下列哪一種情況,,,,,,,,a27a/請問(他/她)目前沒有工作，是屬於下列哪一種情況,a34a/請問(他/她)目前沒有工作，是屬於下列哪一種情況?,,
請問(他/她)目前不打算找工作的原因是什麼,,,,,,,,a27b/請問(他/她)目前不打算找工作的原因是什麼,a34b/請問(他/她)目前不打算找工作的原因是什麼?,,
您有沒有以下的親人定居在台灣以外地區 (1) 父母或配偶父母,,,,,,,,b03z01/您有沒有以下的親人定居在台灣以外地區 (1) 父母或配偶父母,b03z01/您有沒有以下的親人定居在台灣以外地區?(請唸出小題) 1 父母或配偶父母,,
您有沒有以下的親人定居在台灣以外地區 (2) 子女或子女的配偶,,,,,,,,b03z02/您有沒有以下的親人定居在台灣以外地區 (2) 子女或子女的配偶,b03z02/您有沒有以下的親人定居在台灣以外地區?(請唸出小題) 2 子女或子女的配偶,,
您有沒有以下的親人定居在台灣以外地區 (7) 其他親人,,,,,,,,b03z05/您有沒有以下的親人定居在台灣以外地區 (7) 其他親人,b03z05/您有沒有以下的親人定居在台灣以外地區?(請唸出小題) 5 其他親人(請說明),,
請問您的配偶有接受這個新的工作機會嗎?,,,,,,,,b05f/請問您的配偶有接受這個新的工作機會嗎,b12f/請問您的配偶有接受這個新的工作機會嗎?,b10c/請問您有接受這個新的工作機會嗎?,V
請問您的配偶有接受這個新的工作機會嗎,,,,,,,,b05f/請問您的配偶有接受這個新的工作機會嗎,b12f/請問您的配偶有接受這個新的工作機會嗎?,b10f/請問您配偶/同居伴侶有接受這個新的工作機會嗎?,V
請問您的配偶有接受這個新的工作機會嗎,,,,,,,,b05f/請問您的配偶有接受這個新的工作機會嗎,b12f/請問您的配偶有接受這個新的工作機會嗎?,,V
請問您是由人力派遣公司發放薪水的嗎?,,,,,,,,,a09a/請問您是由人力派遣公司付薪水的嗎?,a10a01/請問您是由人力派遣公司發放薪水的嗎?,
在正常的情形下，您這份工作平均每週大約工作幾個小時?,,,,,,,,,a09b/在正常的情形下，您這份工作平均每週大約工作幾個小時?,a10b/在正常的情形下，您這份工作平均每週大約工作幾個小時?,
請問您是從什麼時候開始做目前這份工作的?民國__年,,,,,,,,,a10a01/請問您是從什麼時候開始做目前這份工作的?民國__年,a12a01/請問您是從什麼時候開始做目前這份工作的?民國__年,
請問您是從什麼時候開始做目前這份工作的?民國__年,,,,,,,,,a10a01/請問您是從什麼時候開始做目前這份工作的?民國__年,a12a02/請問您是從什麼時候開始做目前這份工作的?__月,V
請問您是從什麼時候開始做目前這份工作的?__月,,,,,,,,,a10a02/請問您是從什麼時候開始做目前這份工作的?__月,a12a02/請問您是從什麼時候開始做目前這份工作的?__月,V
在您開始做這份工作時，平均每個月的總收入有多少元?__元(無法明確回答數字者續問A10c，否則跳至A10d),,,,,,,,,a10b/在您開始做這份工作時，平均每個月的總收入有多少元?__元(無法明確回答數字者續問A10c，否則跳至A10d),a12b/在您開始做這份工作時，平均每個月的總收入有多少?,
在您開始做這份工作時，您平均每週大約工作幾個小時?,,,,,,,,,a10d/在您開始做這份工作時，您平均每週大約工作幾個小時?,a12d/在您開始做這份工作時，您平均每週大約工作幾個小時?,V
請確認上次訪問時，受訪者是否有工作?,,,,,,,,,a10e/請確認上次訪問時，受訪者是否有工作?,a11a/請確認上次訪問時，受訪者是否有工作?,V
您目前的這份工作最主要是以何種方式找到的?,,,,,,,,,a10e/請確認上次訪問時，受訪者是否有工作?,a12e/您目前的這份工作最主要是以何種方式找到的?,V
您目前的主要工作，跟上一次訪問時的主要工作比較起來，是否公司/機構換了?,,,,,,,,,a11a01/您目前的主要工作，跟上一次訪問時的主要工作比較起來，是否公司/機構換了?,a11z01/您目前的主要工作，跟上一次訪問時的主要工作比較起來，公司/機構換了?,
您目前的主要工作，跟上一次訪問時的主要工作比較起來，是否公司老闆/機構負責人換人?,,,,,,,,,a11a05/您目前的主要工作，跟上一次訪問時的主要工作比較起來，是否公司老闆/機構負責人換人?,a11z05/您目前的主要工作，跟上一次訪問時的主要工作比較起來，公司老闆/機構負責人換人?,
請確認上次訪問時，受訪者是否有工作?,,,,,,,,,a11a07/您目前的主要工作，跟上一次訪問時的主要工作比較起來，是否上次訪問時沒有工作?,a11a/請確認上次訪問時，受訪者是否有工作?,V
您目前的主要工作，跟上一次訪問時的主要工作比較起來，是否上次訪問時沒有工作?,,,,,,,,,a11a07/您目前的主要工作，跟上一次訪問時的主要工作比較起來，是否上次訪問時沒有工作?,a11z06/您目前的主要工作，跟上一次訪問時的主要工作比較起來，沒有改變?,V
您目前的這份工作最主要是以何種方式找到的?,,,,,,,,,a11b/您目前的這份工作最主要是以何種方式找到的?,a11a/請確認上次訪問時，受訪者是否有工作?,V
在您離開當時，您那份工作平均每週大約工作幾個小時?,,,,,,,,,a12d/在您離開當時，您那份工作平均每週大約工作幾個小時?,a13d/在您離開當時，您那份工作平均每週大約工作幾個小時?,
請問從上次訪問您以來，您個人的婚姻狀況有沒有改變(例如，從單身變已婚、離婚後再婚),,,,,,,,,a16a/請問從上次訪問您以來，您個人的婚姻狀況有沒有改變(例如，從單身變已婚、離婚後再婚),a17b/請問從上次訪問您以來，您個人的婚姻狀況有沒有改變?,
從上次訪問您以後，您的個人婚姻狀況變化成為同居，是在民國幾年__?(答完A16c後，跳至A26),,,,,,,,,a16c01/從上次訪問您以後，您的個人婚姻狀況變化成為同居，是在民國幾年__?(答完A16c後，跳至A26),a17d/請問您目前有沒有同居的伴侶?,
從上次訪問您以後，您的個人婚姻狀況變化成為分居╱離婚╱喪偶，是在民國幾年__?(答完A16d後，跳至B.居住安排),,,,,,,,,a16d01/從上次訪問您以後，您的個人婚姻狀況變化成為分居╱離婚╱喪偶，是在民國幾年__?(答完A16d後，跳至B.居住安排),a17c01/請問您現在這個婚姻狀態(離婚/喪偶/已婚/分居)是在民國__年發生的?,
從上次訪問您以後，您的個人婚姻狀況變化成為分居╱離婚╱喪偶，是在民國幾月__?(答完A16d後，跳至B.居住安排),,,,,,,,,a16d02/從上次訪問您以後，您的個人婚姻狀況變化成為分居╱離婚╱喪偶，是在民國幾月__?(答完A16d後，跳至B.居住安排),a17c02/請問您現在這個婚姻狀態(離婚/喪偶/已婚/分居)是在__月發生的?,
請問您結婚前是否有工作?,,,,,,,,,a17a/請問您結婚前是否有工作?,a18a/請問您結婚前是否有工作?,V
請問您結婚前是否有工作?,,,,,,,,,a17a/請問您結婚前是否有工作?,a21a/請問您的(先生/太太)結婚前是否有工作?,V
請問您是否因為結婚而辭去工作?,,,,,,,,,a17b/請問您是否因為結婚而辭去工作?,a18b/請問您是否因為結婚而辭去工作?,V
請問剛結婚時，您從事的工作是__職業,,,,,,,,,a18a/請問剛結婚時，您從事什麼樣的工作?,a19a/請問剛結婚時，您從事的工作是__職業,
請問剛結婚時，您當時為誰工作?,,,,,,,,,a18b/請問剛結婚時，您當時為誰工作?,a19b/請問剛結婚時，您當時為誰工作?,
請問剛結婚時，當時的工作收入?,,,,,,,,,a19z01/請問剛結婚時，當時的工作收入?,a20z01/請問剛結婚時，您當時的工作收入:,
請問剛結婚時，若有酬，每月約__元,,,,,,,,,a19z02/請問剛結婚時，若有酬，每月約__元,a20z02/請問剛結婚時，若有酬，每月約__元,
請問您結婚前是否有工作?,,,,,,,,,a20a/請問您的(先生/太太)結婚前是否有工作?,a18a/請問您結婚前是否有工作?,V
請問您的(先生/太太)結婚前是否有工作?,,,,,,,,,a20a/請問您的(先生/太太)結婚前是否有工作?,a18a/請問您結婚前是否有工作?,V
請問您的(先生/太太)結婚前是否有工作?,,,,,,,,,a20a/請問您的(先生/太太)結婚前是否有工作?,a21a/請問您的(先生/太太)結婚前是否有工作?,V
請問您的(先生/太太)結婚前是否有工作?,,,,,,,,,a20a/請問您的(先生/太太)結婚前是否有工作?,a21a/請問您的(先生/太太)結婚前是否有工作?,V
請問您是否因為結婚而辭去工作?,,,,,,,,,a20b/請問您的(先生/太太)是否因為結婚而辭去工作?,a18b/請問您是否因為結婚而辭去工作?,V
請問您的(先生/太太)是否因為結婚而辭去工作?,,,,,,,,,a20b/請問您的(先生/太太)是否因為結婚而辭去工作?,a18b/請問您是否因為結婚而辭去工作?,V
請問您的(先生/太太)是否因為結婚而辭去工作?,,,,,,,,,a20b/請問您的(先生/太太)是否因為結婚而辭去工作?,a21b/請問您的(先生/太太)是否因為結婚而辭去工作?,
您(先生/太太)當時為誰工作?,,,,,,,,,a21b/您(先生/太太)當時為誰工作?,a22b/您(先生/太太)當時為誰工作?,
請問剛結婚時，(他/她)當時的工作收入:,,,,,,,,,a22z01/請問剛結婚時，(他/她)當時的工作收入?,a23z01/請問剛結婚時，(他/她)當時的工作收入:,
請問剛結婚時，(他/她)若有酬，每月約__元,,,,,,,,,a22z02/請問剛結婚時，(他/她)若有酬，每月約__元,a23z02/請問剛結婚時，(他/她)若有酬，每月約__元,
請問您結婚的時候:男方是否準備聘金?,,,,,,,,,a23a01/請問您結婚的時候:男方是否準備聘金?,a24a01/請問您結婚的時候，男方是否準備聘金?,
請問您結婚的時候:男方若有準備聘金，當時大約是__元,,,,,,,,,a23a02/請問您結婚的時候:男方若有準備聘金，當時大約是__元,a24a02/請問您結婚的時候，男方若有準備聘金，當時大約是__元,
請問您結婚的時候:女方是否準備嫁妝?,,,,,,,,,a23b01/請問您結婚的時候:女方是否準備嫁妝?,a24b01/請問您結婚的時候，女方是否準備嫁妝?,
請問您結婚的時候:女方若有準備嫁妝，當時折合現金大約是__元,,,,,,,,,a23b02/請問您結婚的時候:女方若有準備嫁妝，當時折合現金大約是__元,a24b02/請問您結婚的時候，女方若有準備嫁妝，當時折合現金大約是__元,
請問剛結婚時，您們住在哪裡?,,,,,,,,,a24z01/請問剛結婚時，您們住在哪裡?,a25z01/請問剛結婚時，您們住在哪裡?,
請問剛結婚時，您們住在哪裡，持續共__年,,,,,,,,,a24z02/請問剛結婚時，您們住在哪裡，持續共__年,a25z02/請問剛結婚時，您們住在哪裡，持續共__年,
請問您與您的(先生/太太)是如何認識結婚的?,,,,,,,,,a25a/請問您與您的(先生/太太)是如何認識結婚的?,a26a/請問您與您的(先生/太太)是如何認識結婚的?,
請問當初您的父母是否贊成這門親事?,,,,,,,,,a25b/請問當初您的父母是否贊成這門親事?,a26b/請問當初您的父母是否贊成這門親事?,
請問(他/她)過去這一個月之內有沒有在找工作或準備開始創業(不含兼差)?,,,,,,,,,a35a01/請問(他/她)過去這一個月之內有沒有在找工作或準備開始創業(不含兼差)?,a36z01/請問您配偶過去這一個月之內有沒有在找工作或準備開始創業(不含兼差)?,
請問您的配偶從開始找工作到目前為止已找了多久?__月,,,,,,,,,a35a02/請問您的配偶從開始找工作到目前為止已找了多久?__月,a36z02/您配偶若有，從開始找工作到目前為止已找了__月,
請問您的配偶從開始找工作到目前為止已找了多久?又__週,,,,,,,,,a35a03/請問您的配偶從開始找工作到目前為止已找了多久?又__週,a36z03/您配偶若有，從開始找工作到目前為止已找了__週,
請問您在上一次訪問之後，是否有搬遷(搬住的地方)過?,,,,,,,,,b04a/請問您在上一次訪問之後，是否有搬遷(搬住的地方)過?,b01a/請問您在上一次訪問之後，是否有搬遷(搬住的地方)過?,
請問您(上次訪問)之後，總共搬遷幾次?,,,,,,,,,b04b/請問您(上次訪問)之後，總共搬遷幾次?,b01b/請問您之後，總共搬遷幾次?,
請問您最近一次搬遷 (搬家)是什麼時候?民國__年,,,,,,,,,b04c01/請問您最近一次搬遷 (搬家)是什麼時候?民國__年,b01c01/請問您最近一次搬遷是什麼時候?民國__年,
請問您最近一次搬遷是什麼時候?__月,,,,,,,,,b04c02/請問您最近一次搬遷是什麼時候?__月,b01c02/請問您最近一次搬遷是什麼時候?__月,
您平日常用的交通工具:順位1,,,,,,,,,b09z01/您平日常用的交通工具:順位1__,b05z01/您平日常用的交通工具:順位1,
您平日常用的交通工具:順位2,,,,,,,,,b09z02/您平日常用的交通工具:順位2__,b05z02/您平日常用的交通工具:順位2,
請問上一次訪問之後您有沒有新的工作機會或工作變動的機會?,,,,,,,,,b12a/請問上一次訪問之後您有沒有新的工作機會或工作變動的機會?,b10a/請問上一次訪問之後，您有沒有新的工作機會或工作變動的機會?,
子女4學校類別,,,,,,,,,b14ec4/子女4學校類別,b12ic4/健在子女4學校類別,
子女4最主要的照顧者?,,,,,,,,,b14jc4/子女4最主要的照顧者?,b12ec4/健在子女4最主要的照顧者?,
子女5最主要的照顧者?,,,,,,,,,b14jc5/子女5最主要的照顧者?,b12ec5/健在子女5最主要的照顧者?,
子女1平均一個月托育支出大約是多少,,,,,,,,,b14kc1/子女1平均一個月托育支出大約是多少,b12fc1/健在子女1平均一個月托育支出大約是多少?,
子女2平均一個月托育支出大約是多少,,,,,,,,,b14kc2/子女2平均一個月托育支出大約是多少,b12fc2/健在子女2平均一個月托育支出大約是多少?,
子女3平均一個月托育支出大約是多少,,,,,,,,,b14kc3/子女3平均一個月托育支出大約是多少,b12fc3/健在子女3平均一個月托育支出大約是多少?,
子女4平均一個月托育支出大約是多少,,,,,,,,,b14kc4/子女4平均一個月托育支出大約是多少,b12fc4/健在子女4平均一個月托育支出大約是多少?,
請問您平均每週大約花多少時間陪子女唸書或教導子女唸書?__小時,,,,,,,,,b15b/請問您平均每週大約花多少時間陪子女唸書或教導子女唸書?__小時,b13a/請問您平均每週大約花多少時間陪子女唸書或教導子女唸書?__小時,
請問您的配偶平均每週大約花多少時間陪子女唸書或教導子女唸書?__小時,,,,,,,,,b15c/請問您的配偶平均每週大約花多少時間陪子女唸書或教導子女唸書?__小時,b13b/請問您的配偶平均每週大約花多少時間陪子女唸書或教導子女唸書?__小時,
請問您的母親平常與她的媳婦同住?,,,,,,,,,b20b17m1/請問您的母親平常與她的媳婦同住?,b20a17m2/請問您的配偶母親平常與她的媳婦同住?,
請問您的父親平常與他的女婿同住?,,,,,,,,,b20b18f1/請問您的父親平常與他的女婿同住?,b15a18f1/請問您的父親平常與他的女婿同住?,
配偶父親教育程度,,,,,,,,,b22/配偶父親教育程度,b18cf2/配偶父親教育程度,
請問您的配偶母親平常與她的媳婦同住?,,,,,,,,,b23c17m2/請問您的配偶母親平常與她的媳婦同住?,b15a17m1/請問您的母親平常與她的媳婦同住?,
請問過去一年來，您(或您配偶)有沒有給您配偶父母零用金，生活費或節慶紅包?,,,,,,,,,b24b01/請問您過去一年來，有沒有在零用金，生活費或節慶紅包給您的配偶父母資助或貸款?,b22b01/請問過去一年來，您(或您配偶)有沒有給您配偶父母零用金，生活費或節慶紅包?,
若您(或您配偶)有給您配偶父母零用金，生活費或節慶紅包，平均每個月大約__元,,,,,,,,,b24b02/若有在零用金，生活費或節慶紅包給您的配偶父母資助或貸款，平均每月大約__元,b22b02/若您(或您配偶)有給您配偶父母零用金，生活費或節慶紅包，平均每個月大約__元,
在去年之中，請問您配偶的父母是否曾經獲得政府社會福利補助?,,,,,,,,,b24c02/在去年之中，請問您配偶的父母是否曾經獲得下列收入來源?2 政府社會福利,b22c02/在去年之中，請問您配偶的父母是否曾經獲得政府社會福利補助?,
您配偶領取退休金的方式?先領一部分，然後再按月領取，去年總共領取____元,,,,,,,,,c04b06/您配偶領取退休金的方式?先領一部分，然後再按月領取，去年總共領取____元,c11a06/您配偶的退休金若先領一部份，然後再按月領取，去年共領__元,V
在去年中，您(和您配偶)全部的支出(含給父母親、繳稅等支出)大約__元?,,,,,,,,,c10/在去年中，您(和您配偶)全部的支出(含給父母親、繳稅等支出)大約__元?,c18/在去年(106年)中，您(和您配偶)全部的支出(含給父母親，繳稅等支出)大約__元,
您覺得您配偶的父母有沒有給您(或您的配偶)生男孩的壓力?,,,,,,,,,d02/您覺得您配偶的父母有沒有給您(或您的配偶)生男孩的壓力?,d05/您覺得您配偶的父母有沒有給您(或您的配偶)生男孩的壓力?,
請問您的體重是__公斤(受訪者為孕婦請填995),,,,,,,,,d07b/請問您的體重是__公斤(受訪者為孕婦請填995),h07b/請問您的體重是__公斤,
