question,id,RII2000,RII2001,RR2012,RR2008,RR2006,RR2009,RIII&RIV2002,RR2014,RR2018,RR2007
月(訪問開始時間),A01,月(訪問開始時間),,,,,,,,,
日(訪問開始時間),A02,日(訪問開始時間),,,,,,,,,
時(訪問開始時間),A03,時(訪問開始時間),時(訪問開始時間),,,,,,,,
分(訪問開始時間),A04,分(訪問開始時間),分(訪問開始時間),,,,,,,,
現住地區域碼,A05,現住地區域碼,現居地區域碼,,,,,,,,
性別,B01,性別,,,,,,,,,
請問您認為自己目前的健康狀況如何?,D01,請問您認為自己目前的健康狀況如何?,請問您認為自己目前的健康狀況如何?,請問您認為自己目前的健康狀況如何,請問您認為自己目前的健康狀況如何?,請問您認為自己目前的健康狀況如何?,請問您認為自己目前的健康狀況如何?,請問您認為自己目前的健康狀況如何?,請問您認為自己目前的健康狀況如何?,請問您認為自己目前的健康狀況如何?,
請問您目前結婚了嗎?(若有兩次以上之婚姻經驗，以最近一次為準),E01,請問您目前結婚了嗎?(若有兩次以上之婚姻經驗，以最近一次為準),,,請問您目前結婚了嗎?,請問你目前結婚了嗎?,請問您目前結婚了嗎?,,,請問您目前結婚了嗎?,請問您目前結婚了嗎?
請問您(先生/太太)的最高教育程度是什麼?,G01,請問您(先生/太太)的最高教育程度是什麼?,請問您(先生/太太)最高教育程度是什麼?,,,,,請問您(先生/太太)的最高教育程度是什麼?,,,
請問您(先生/太太)目前的健康狀況如何？,H01,請問您(先生/太太)目前的健康狀況如何？,請問您(先生/太太)目前的健康狀況如何?,,,,,,,,
請問您上小學以前，在家裡主要都是說哪一種語言?,I01,請問您上小學以前，在家裡主要都是說哪一種語言?,,,,,,,,,
請問您唸完小學以後，接著做什麼呢?,I02,請問您唸完小學以後，接著做什麼呢?,請問您唸完小學以後，接著做什麼呢?,,,,,,,,
請問您就讀的這間學校是公立還是私立?,J01,請問您就讀的這間學校是公立還是私立?,請問您就讀的這間學校是公立還是私立?,,,,,,,,
請問您什麼時候開始上二專/三專/技術學院/大學?民國  _年,L01,請問您什麼時候開始上二專/三專/技術學院/大學?民國  _年,請問您什麼時候開始上二專/三專/技術學院/大學?民國__年,,,,,,,,
請問您什麼時候開始上研究所(碩士/博士)?民國  _年,M01,請問您什麼時候開始上研究所(碩士/博士)?民國  _年,請問您什麼時候開始上研究所(碩士/博士)?民國__年,,,,,,,,
請問在研究所階段，您有沒有拿到正式的文憑?,M02,請問在研究所階段，您有沒有拿到正式的文憑?,請問在研究所階段，您有沒有拿到正式的文憑?,,,,,,,,
請問您有沒有在軍中服役過?,N01,請問您有沒有在軍中服役過?,請問您有沒有在軍中服役過?,,,,,,,,
請問您什麼時候開始第一次正式就業?民國_  年,O01,請問您什麼時候開始第一次正式就業?民國_  年,請問您什麼時候開始第一次正式就業?民國__年,,,,,,,,
請問您什麼時候結婚(指第一次婚姻)?民國 _ 年,E02,請問您什麼時候結婚(指第一次婚姻)?民國 _ 年,請問您什麼時候結婚(指第一次婚姻)?民國__年,,,,,,,,
請問您什麼時候有第一個小孩? 民國 _ 年,P01,請問您什麼時候有第一個小孩? 民國 _ 年,請問您什麼時候有第一個小孩?民國__年,,,,,,,,
請問您什麼時候第一次買自己的房子? 民國  _年,Q01,請問您什麼時候第一次買自己的房子? 民國  _年,請問您什麼時候第一次買自己的房子?民國__年,,,,,,,,
請問當時您買房子的錢主要來自何處?,Q02,請問當時您買房子的錢主要來自何處?,,,,,,,,,
請問到目前為止，您有沒有參加過任何職業訓練課程?,K01,請問到目前為止，您有沒有參加過任何職業訓練課程?,,,,,,,,,
請問您有沒有高(普)考合格證書?,K02,請問您有沒有高(普)考合格證書?,請問您有沒有高(普)考或特考合格証書?,,,,,,,,
請問您有沒有經由考試或通過正式檢定，而取得任何職業或技術執照?,K03,請問您有沒有經由考試或通過正式檢定，而取得任何職業或技術執照?,請問您有沒有經由考試或通過正式檢定，而取得任何職業或技術執照?,,,,,,,,
請問您曾經自己創業(當老闆)過嗎?,O02,請問您曾經自己創業(當老闆)過嗎?,,,,,,,,,
如果有，那是什麼時候的事(指第一次創業)?民國__年,O03,如果有，那是什麼時候的事(指第一次創業)?民國__年,,,,,,,,,
當時的創業資金主要來自何處?,O04,當時的創業資金主要來自何處?,,,,,,,,,
當時一共有幾名員工?__名,O05,當時一共有幾名員工?__名,當時一共有幾名員工?__名,,,,,,,,
這個事業目前還在進行嗎?,O06,這個事業目前還在進行嗎?,,,,,,,,,
如果該事業已經結束的話，請問那是什麼時候的事?民國_ 年,O07,如果該事業已經結束的話，請問那是什麼時候的事?民國_ 年,如果該事業已經結束的話，請問那是什麼時候的事?民國__年,,,,,,,,
請問您目前有沒有工作?,O08,請問您目前有沒有工作?,,請問您目前有工作嗎,請問您目前有工作嗎?,請問您目前有工作嗎?,請問您目前有工作嗎?,,請問您目前有工作嗎?,請問您目前有工作嗎?,請問您目前有工作嗎?
請問您目前沒有工作的原因是什麼?,O09,請問您目前沒有工作的原因是什麼?,請問您目前沒有工作的原因是什麼?,,請問您目前沒有工作的原因是什麼,請問您目前沒有工作的原因是什麼?,請問您目前沒有工作的原因是什麼?,,,,請問您目前沒有工作的原因是什麼?
您這份工作的地點是在哪裡?,O10,您這份工作的地點是在哪裡?,,,,您這份工作的工作地點是在哪裡?,,,,,
您覺得目前的工作在未來的一年之內穩定嗎?,O11,您覺得目前的工作在未來的一年之內穩定嗎?,您覺得您目前的工作在未來的一年之內穩定嗎?,,,,,,,,
您在做這份工作時，是否會用到電腦?,O12,您在做這份工作時，是否會用到電腦?,,,,,,,,,
您現在所做的工作，是否具有危險性或容易受傷,O13,您現在所做的工作，是否具有危險性或容易受傷,您現在所做的工作，是否具有危險性或容易受傷?,,,,,,,,
您現在所做的工作，是否工作壓力太大,O14,您現在所做的工作，是否工作壓力太大,您現在所做的工作，是否工作壓力太大?,,,,,,,,
您希望找的是什麼樣的工作?,O15,您希望找的是什麼樣的工作?,您希望找的是什麼樣的工作?,,,,,,,,
您用什麼方法找尋工作?家人介紹,O16,您用什麼方法找尋工作?親戚介紹,,,,,,,,,
您用什麼方法找尋工作?看徵才啟事,O17,您用什麼方法找尋工作?看徵才啟事,,您最主要用什麼方法找尋工作,,,,,,,
請問您(先生/太太)目前沒有工作的原因是什麼?,O18,請問您(先生/太太)目前沒有工作的原因是什麼?,請問您(先生/太太)目前沒有工作的原因是什麼?,,,,,請問您(先生/太太)目前沒有工作的原因是什麼?,,,
您(先生/太太)是在為誰工作?,O19,您(先生/太太)是在為誰工作?,請問您(先生/太太)是在為誰工作?,,,,,請問您(先生/太太)是在為誰工作?,,,
請問您在未來有沒有移民到其他國家的打算?,R01,請問您在未來有沒有移民到其他國家的打算?,請問您在未來有沒有移民到其他國家的打算?,,,,,,,,
您打算移民的主要因是什麼?,R02,您打算移民的主要因是什麼?,您打算移民的主要原因是什麼?,您打算移民的主要原因是什麼,您打算移民的主要原因是什麼?,您打算移民的主要原因是什麼?,您打算移民的主要原因是什麼?,您打算移民的主要原因是什麼?,您打算移民的主要原因是什麼?(請唸出答項供受訪者選擇),,您打算移民的主要原因是什麼?
您有沒有親人定居住在其他國家？父母或配偶父母,S01,您有沒有親人定居住在其他國家？父母或配偶父母,您有父母或配偶父母定居在其他國家?,,,,,你有沒有父母或配偶父母定居住在其他國家?,,,
您有沒有親人定居住在其他國家?子女,S02,您有沒有親人定居住在其他國家?子女,您有子女定居在其他國家?,,,,,你有沒有子女定居住在其他國家?,,,
您有沒有親人定居住在其他國家?兄弟姐妹或配偶的兄弟姐妹,S03,您有沒有親人定居住在其他國家?兄弟姐妹或配偶的兄弟姐妹,您有兄弟姊妹或配偶的兄弟姊妹定居在其他國家?,,,,,你有沒有兄弟姊妹或配偶的兄弟姊妹定居住在其他國家?,,,
您有沒有親人定居住在其他國家?其他親人,S04,您有沒有親人定居住在其他國家?其他親人,您有其他親人定居在其他國家?,,,,,你有沒有其他親人定居住在其他國家?,,,
在過去一年裡，您家中每個月的房屋貸款支出平均每月__元,Q03,在過去一年裡，您家中每個月的房屋貸款支出平均每月__元,在過去一年裡，您家中房屋貸款支出平均每月__元,,在過去一年裡，您(和您配偶)房屋貸款支出平均每月__元,在過去一年裡，您家中屋貸款支出平均每月__元,在過去一年裡，您(和您配偶)房屋貸款支出平均每月__元,在過去一年裡，您家中每個月的平均支出情況大約是?房屋貸款支出平均每月__元,在過去一年裡，您(和您配偶)房屋貸款支出平均每月__元,,在過去一年裡，您(和您配偶)房屋貸款支出平均每月__元
在過去一年裡，您家中每個月的標會支出平均每月__元,Q04,在過去一年裡，您家中每個月的標會支出平均每月__元,在過去一年裡，您家中標會支出平均每月__元,,,在過去一年裡，您家中標會支出活會平均每月__元,,,,,
在過去一年裡，您家中每個月的保姆或幫傭支出平均每月__元,Q05,在過去一年裡，您家中每個月的保姆或幫傭支出平均每月__元,在過去一年裡，您家中保姆或幫傭支出平均每月__元,,,在過去一年裡，您家中保姆或幫傭(包括家事管理)支出平均每月__元,在過去一年裡，您(和您配偶)保姆或幫傭(包括家事管理)支出平均每月__元,,在過去一年裡，您(和您配偶)保姆或幫傭(包括家事管理)支出平均每月__元,,在過去一年裡，您(和您配偶)保姆或幫傭(包括家事管理)支出平均每月__元
在過去一年裡，您家中每個月的飲食支出__元,Q06,在過去一年裡，您家中每個月的飲食支出__元,,,,在過去一年裡，您家中飲食支出(包括家中飲食與外出飲食)平均每月__元,,,,,
在過去的一年中，您是否有新添的小孩?,P02,在過去的一年中，您是否有新添的小孩?,在過去一年中，您是否有新添的小孩?,,,在過去一年中，您是否有新添的小孩?,,在過去一年中，您是否有新添的小孩?,,,
他/她是男孩還是女孩?,P03,他/她是男孩還是女孩?,他/她是男孩還是女孩?,,,,,他/她是男孩還是女孩?,,,
您(或您的配偶)有沒有打算在未來(再)生一個小孩?,P04,您(或您的配偶)有沒有打算在未來(再)生一個小孩?,您(或您的配偶)有沒有打算在未來(再)生一個小孩?,,您(或您的配偶)有沒有打算在未來(再)生一個小孩?,您(或您的配偶)有沒有打算在未來(再)生一個小孩?,,您(或您的配偶)有沒有打算在未來(再)生一個小孩?,您(或您的配偶)有沒有打算在未來(再)生一個小孩?,您(或您的配偶)有沒有打算在未來(再)生一個小孩?,您(或您的配偶)有沒有打算在未來(再)生一個小孩?
您平均一天大約有多少時間和子女相處?,P05,您平均一天大約有多少時間和子女相處?,您平均一天大約有多少時間和子女相處?,,,子女1：您平均一天大約有多少時間和子女相處?,,,,,
您和您子女在一起時，最常做那些事?,P06,您和您子女在一起時，最常做那些事?,您和您子女在一起時，最常做那些事?,,,,,,,,
您與配偶的感情(1分代表感情非常不好，5分代表感情非常好),P07,您與配偶的感情(1分代表感情非常不好，5分代表感情非常好),您與配偶的感情(1分代表感情非常不好，5分代表感情非常好),,,,,,,,
您與女兒的感情(1分代表感情非常不好，5分代表感情非常好),P08,您與女兒的感情(1分代表感情非常不好，5分代表感情非常好),,,,,,,,,
您與兒子的感情(1分代表感情非常不好，5分代表感情非常好),P09,您與兒子的感情(1分代表感情非常不好，5分代表感情非常好),您與兒子的感情(1分代表感情非常不好，5分代表感情非常好),,,,,,,,
您和您的配偶發生意見不合後，通常會當場和好,Q07,您和您的配偶發生意見不合後，通常會當場和好,您和您的配偶發生意見不合後，通常當場和好,,,,,,,,
您和您的配偶發生意見不合後，通常會生氣過後就沒事了,Q08,您和您的配偶發生意見不合後，通常會生氣過後就沒事了,您和您的配偶發生意見不合後，通常生氣過後就沒事了,,,,,,,,
您和您的配偶發生意見不合後，通常會事後再討論,Q09,您和您的配偶發生意見不合後，通常會事後再討論,您和您的配偶發生意見不合後，通常事後再討論,,,,,,,,
通常你是如何處理這些收入的?,Q10,通常你是如何處理這些收入的?,,,,,,,,,通常您是如何處理這些收入的?
通常他(她)是如何處理這些收入?,Q11,通常他(她)是如何處理這些收入?,通常他(她)是如何處理這些收入的?,,,,,,,,
請問您的家庭必需開銷主要是由誰來管呢?,Q12,請問您的家庭必需開銷主要是由誰來管呢?,,,,,,,,,請問您的家庭必需開銷主要是由誰來管呢?
除了家庭的必需開銷外，你們全家共用的錢通常是由誰來掌管呢?,Q13,除了家庭的必需開銷外，你們全家共用的錢通常是由誰來掌管呢?,除了家庭的必需開銷外，你們全家共用的錢通常是由誰來掌管呢?,,,,,,,,除了家庭的必需開銷外，你們全家共用的錢通常是由誰來掌管呢?
訪問結束時間:__月,A06,訪問結束時間:__月,,,訪問結束時間—月,,,,,,
訪問結束時間:__分 ;,A07,訪問結束時間:__分 ;,,,訪問結束時間—分 ;,訪問結束時間__分 ;,,訪問結束時間:分 ;,,,
月(訪問開始時間),A08,,月(訪問開始時間),,,,,,,,
日(訪問開始時間),A09,,日(訪問開始時間),,,,,,,,
性別,B02,,性別,,,,,,,,
請問您上小學以前，在家裡主要都是說哪一種語言?,I03,,請問您上小學以前，在家裡主要都是說哪一種語言?,,,,,,,,
請問到目前為止，您有沒有參加過任何職業訓練課程?,W01,,請問到目前為止，您有沒有參加過任何職業訓練課程?,,,,,,,,
請問您曾經自己創業(當老闆)過嗎?,O20,,請問您曾經自己創業(當老闆)過嗎?,,,,,,,,
如果有，那是什麼時候的事(指第一次創業)?民國__年,O21,,如果有，那是什麼時候的事(指第一次創業)?民國__年,,,,,,,,
當時的創業資金主要來自何處?,O22,,當時的創業資金主要來自何處?,,,,,,,,
這個事業目前還在進行嗎?,O23,,這個事業目前還在進行嗎?,,,,,,,,
您的這份工作是以何種方式找到的?,O24,,您的這份工作是以何種方式找到的?,,,,,,,,
您這份工作是按業績獎金，分紅等不固定的收入,O25,,您這份工作是按業績獎金，分紅等不固定的收入,,,,,您這份工作收入是按業績獎金、分紅等不固定的收入支領,,,
您在做這份工作時，是否會用到電腦?,O26,,您在做這份工作時，是否會用到電腦?,,,,,,,,
請問從我們去年一月訪問您以後，您個人的婚姻狀況有沒有改變?,E03,,請問從我們去年一月訪問您以後，您個人的婚姻狀況有沒有改變?,,,,,請問從我們去年一月訪問您以後，您個人的婚姻狀況有沒有改變?情形怎樣的呢?,,,
請問(他/她)是哪裡人?,F01,,請問(他/她)是哪裡人?,,,,,,,,
您(先生/太太)的這份工作是以何種方式找到的?,X01,,您(先生/太太)的這份工作是以何種方式找到的?,,,,,,,,
您目前與已婚兒子__人同住,Y01,,您目前與未婚兒子__人同住,,,,,請問你目前與已婚兒子__人同住,,,
您目前與已婚女兒__人同住,Y02,,您目前與未婚女兒__人同住,,,,,請問你目前與已婚女兒__人同住,,,請問您目前與已婚女兒__人同住
您目前與父母__人同住,Y03,,您目前與父母__人同住,,,,,,,,
您目前與其他親屬__人同住,Y04,,您目前與非親屬__人同住,,,,,,,,
請問您去年一年有沒有搬家?,Z01,,請問您去年一年有沒有搬家?,,請問您去年一年有沒有搬遷(搬住的地方)?,請問您去年一年有沒有搬遷(搬住的地方)?,,,,,請問您去年一年有沒有搬遷(搬住的地方)?
您搬家的主要原因是什麼?,Z02,,您搬家的主要原因是什麼?,您搬遷的主要原因是什麼,您搬遷的主要原因是什麼?,您搬遷的主要原因是什麼?,您搬遷的主要原因是什麼?,,您搬遷的主要原因是什麼?,您搬遷的主要原因是什麼?,您搬遷的主要原因是什麼?
房間數:__房,Z03,,房間數:__廳,,,,,,,,
房間數:__衛浴,Z04,,房間數:__衛浴,房間數多少 __衛浴,,,,,,,
有無房屋貸款?,Z05,,有無房屋貸款?,,,有無房屋貸款?,,,,,
請問您現在的住宅有沒有做其他用途?,AA01,,請問您現在的住宅有沒有做其他用途?,請問您現在的住宅有沒有做其他用途,請問您現在的住宅有沒有做其他用途?,,請問您現在的住宅有沒有做其他用途?,請問您現在的住宅有沒有做其他用途?,請問您現在的住宅有沒有做其他用途?,,請問您現在的住宅有沒有做其他用途?
請問您有沒有打算在兩年之內搬家?,Z06,,請問您有沒有打算在兩年之內搬家?,請問您有沒有打算在兩年之內搬遷,請問您有沒有打算在兩年之內搬遷?,請問您有沒有打算在兩年之內搬遷?,請問您有沒有打算在兩年之內搬遷?,,請問您有沒有打算在兩年之內搬遷?,請問您有沒有打算在兩年之內搬遷?,請問您有沒有打算在兩年之內搬遷?
子女1:排行,P10,,子女1:排行,,,子女1:排行,,(子女1)排行,,,
子女2:排行,P11,,子女2:排行,,,,,(子女2)排行,,,
子女2:去年到現在有否搬家,P12,,子女2:去年到現在有否搬家,,,,,,,,
子女3:排行,P13,,子女3:排行,,,,,(子女3)排行,,,
子女3:去年到現在有否搬家,P14,,子女3:去年到現在有否搬家,,,,,(子女3)去年到現在有否搬家,,,
子女4:排行,P15,,子女4:排行,,,,,(子女4)排行,,,
子女4:去年到現在有否搬家,P16,,子女4:去年到現在有否搬家,,,,,(子女4)去年到現在有否搬家,,,
父母:住處與您的距離多遠?,P17,,父母:住處與您的距離多遠?,,,,,(父母)住處與您的距離多遠?,,,
父母:你們之間去年的聯絡狀況每月打電話次數?不同住者,P18,,父母:你們之間去年的聯絡狀況每月打電話次數?不同住者,,,,,,,,
父母:你們之間去年的聯絡狀況每年見面次數?不同住者,P19,,父母:你們之間去年的聯絡狀況每年見面次數?不同住者,,,,,,,,
配偶父母:住處與您的距離多遠?,P20,,配偶父母:住處與您的距離多遠?,,,,,(配偶父母)住處與您的距離多遠?,,,
在過去一年裡，您家中每個月的平均儲蓄__元,Q14,,在過去一年裡，您家中每個月的平均儲蓄__元,,,在過去一年裡，您家中每個月的平均儲蓄(不含標會)__元,,,,,
請問您過去一年裡，人壽或商業醫療保險__元,Q15,,請問您過去一年裡，人壽或商業醫療保險__元,,,請問您(和您配偶)過去一年裡，支出人壽或商業醫療保險__元,請問您(和您配偶)過去一年裡，人壽或商業醫療保險__元,,,,請問您(和您配偶)過去一年裡，支出人壽或商業醫療保險__元
請問您過去一年裡，教育費用__元,Q16,,請問您過去一年裡，教育費用__元,,,請問您(和您配偶)過去一年裡，支出教育費用__元,請問您(和您配偶)過去一年裡，教育費用__元,,,,請問您(和您配偶)過去一年裡，支出教育費用__元
請問您過去一年裡，醫療費用__元,Q17,,請問您過去一年裡，醫療費用__元,,,請問您(和您配偶)過去一年裡，支出醫療費用__元,,,,,請問您(和您配偶)過去一年裡，支出醫療費用__元
您與女兒的感情(1分代表感情非常不好，5分代表感情非常好),P21,,您與女兒的感情(1分代表感情非常不好，5分代表感情非常好),,,,,,,,
請問你本人目前是否有自己的經常性收入?,AC01,,請問你本人目前是否有自己的經常性收入?,,,,,,,,請問您本人目前是否有自己的經常性收入?
通常你是如何處理這些收入的?,AC02,,通常你是如何處理這些收入的?,,,,,,,,
請問你的配偶目前是否有他(她)自己的收入?,X02,,請問你的配偶目前是否有他(她)自己的收入?,,,,,,,,請問您的配偶目前是否有(他/她)自己的收入?
請問您的家庭必需開銷主要是由誰來管呢?,Q18,,請問您的家庭必需開銷主要是由誰來管呢?,,,,,,,,
分(訪問結束時間) ;,A10,,分(訪問結束時間) ;,,,,訪問結束時間_分 ;,,,,
您的這份工作是以何種方式找到的?,O27,,,,,,,您的這份工作是以何種方式找到的?,,,
您這份兼差的行業,O28,,,,,,,您這份兼差的行業,,,
請問您目前沒有工作的原因是什麼?,O29,,,,,,,請問您目前沒有工作的原因是什麼?,,,
請問(他/她)是哪裡人?,F02,,,,,,,請問(他/她)是哪裡人?,,,
請問您(先生/太太)目前的健康狀況如何?,H02,,,,,,,請問您(先生/太太)目前的健康狀況如何?,,,
您(先生/太太)的這份工作是以何種方式找到的?,X03,,,,,,,您(先生/太太)的這份工作是以何種方式找到的?,,,
在正常的情形下，您(先生/太太)這份工作平均每週大約工作__小時,X04,,,,,,,在正常的情形下，您(先生/太太)這份工作平均每週大約工作__小時,,,
第一個最主要的受訓經驗:受訓(或進修)內容是否和若不受訓(或進修)，則無法開始工作有關,W02,,,,,,,第二個最主要的受訓經驗:受訓(或進修)內容是否和若不受訓(或進修)，則無法開始工作有關,,,
第一個最主要的受訓經驗:受訓(或進修)內容是否和若不受訓(或進修)，則無法升等有關,W03,,,,,,,第二個最主要的受訓經驗:受訓(或進修)內容是否和若不受訓(或進修)，則無法升等有關,,,
第一個最主要的受訓經驗:受訓(或進修)內容是否和受訓(或進修)對升遷或加薪等工作事項有幫助有關,W04,,,,,,,第一個最主要的受訓經驗:受訓(或進修)內容是否和受訓(或進修)對再就業有幫助有關,,,
第一個最主要的受訓經驗:請問您受訓(或進修)內容大致屬於何種領域?,W05,,,,,,,第一個最主要的受訓經驗:請問您受訓(或進修)內容大致屬於何種領域?,,,
第一個最主要的受訓經驗:總受訓(或進修)時間每週約__小時,W06,,,,,,,第一個最主要的受訓經驗:總受訓(或進修)時間，共__週,,,
第二個最主要的受訓經驗:受訓(或進修)內容是否和受訓(或進修)對升遷或加薪等工作事項有幫助有關,W07,,,,,,,第二個最主要的受訓經驗:受訓(或進修)內容是否和受訓(或進修)對再就業有幫助有關,,,
第二個最主要的受訓經驗:請問您受訓機構是否為工作單位所屬之機構?,W08,,,,,,,第三個最主要的受訓經驗:請問您受訓機構是否為工作單位所屬之機構?,,,
第二個最主要的受訓經驗:總受訓(或進修)時間每週約__小時,W09,,,,,,,第二個最主要的受訓經驗:總受訓(或進修)時間，共__週,,,
第三個最主要的受訓經驗:受訓(或進修)內容是否和受訓(或進修)對升遷或加薪等工作事項有幫助有關,W10,,,,,,,第三個最主要的受訓經驗:受訓(或進修)內容是否和受訓(或進修)對升遷或加薪等工作事項有幫助有關,,,
第三個最主要的受訓經驗:總受訓(或進修)時間每週約__小時,W11,,,,,,,第三個最主要的受訓經驗:總受訓(或進修)時間，共__週,,,
第三個最主要的受訓經驗:是否為自付費用?,W12,,,,,,,第三個最主要的受訓經驗:是否為自付費用?若是，費用的金額,,,
請問您在未來有沒有移民到其他國家的打算?,R03,,,,,,,請問您在未來有沒有移民到其他國家的打算?,,,
請問你目前與受訪者配偶__人同住,Y05,,,,,,,請問你目前與受訪者配偶__人同住,,,請問您目前與受訪者配偶__人同住
請問你目前與父母__人同住,Y06,,,,,,,請問你目前與配偶父母__人同住,,,
請問您去年一年有沒有搬家?,Z07,,,,,,,請問您去年一年有沒有搬家?,,,
您搬家的主要原因是什麼?,Z08,,,,,,,您搬家的主要原因是什麼?,,,
您現在住宅的狀況:房子是誰的,AA02,,,,,,,您現在住宅的狀況:房子是誰的,,您現在房子是誰的:,
您現在住宅的狀況:房屋建坪多大?__坪,AA03,,,,,,,您現在住宅的狀況:房屋建坪多大?庭院__坪,,,
您現在住宅的狀況:房間數多少?__房,AA04,,,,,,,您現在住宅的狀況:房間數多少?__廳,,,
您現在住宅的狀況:有無房屋貸款?,AA05,,,,您現在住的住宅有無房屋貸款?,,您現在住的住宅有無房屋貸款?,您現在住宅的狀況:有無房屋貸款?,您現在住的住宅有無房屋貸款?,您現在住的住宅有無房屋貸款?,住宅狀況:您現在住的住宅有無房屋貸款?
請問您有沒有打算在兩年之內搬家?,Z09,,,,,,,請問您有沒有打算在兩年之內搬家?,,,
請問您的父母與已婚兒子同住?,S05,,,,,,,請問您的父母與已婚兒子同住?,,,
請問您的父母與已婚女兒同住?,S06,,,,,,,請問您配偶的父母與已婚女兒同住?,,,
請問您的父母與未婚子女同住?,S07,,,,,,,請問您配偶的父母與未婚子女同住?,,,
請問您的父母與其他人同住?,S08,,,,,,,請問您的父母與其他人同住?,,,
在去年之中，您的家庭是否曾經從朋友或同事得到資助或貸款?,S09,,,,在去年之中，您的家庭是否曾經從朋友或同事得到資助或貸款?,在去年(94年)之中，您的家庭是否曾經從朋友或同事得到資助或貸款?,在去年(97)之中，您的家庭是否曾經從朋友或同事得到資助或貸款?,在去年之中，您的家庭是否曾經從朋友或同事得到資助或貸款?,,,
在去年之中，您或您的家人是否有從經營或參與投資的事業中獲利或虧損?,Q19,,,,,,,在去年之中，您或您的家人是否有從經營或參與投資的事業中獲利或虧損?若有，去年獲利或虧損約__元,,,
在去年之中，如果您有工作的話，全部的工作收入大約有多少(包括正常的收入，加班費，分紅，佣金，三節獎金，年終獎金等)?,Q20,,,,在去年(96年)之中，如果您有工作的話，全部的工作收入大約有多少(包括正常的收入、加班費、分紅、佣金、三節獎金、年終獎金等)?,在去年(94年)之中，如果您有工作的話，全部的工作收入大約有多少(包括正常的收入，加班費，分紅，佣金，三節獎金，年終獎金等)?,,在去年之中，如果您有工作的話，全部的工作收入大約有多少(包括正常的收入，加班費，分紅，佣金，三節獎金，年終獎金等)?若有工作，過去一年的收入大約__元,在去年之中，如果您有工作的話，全部的工作收入大約有多少(包括正常的收入、加班費、分紅、佣金、三節獎金、年終獎金及兼差收入等),,
在去年之中，您是否曾經領取退休金?有，按月領取，每月__元,AD01,,,,,,,在去年之中，您是否曾經領取退休金?有，按月領取，每月__元,,,
保姆或幫傭支出平均每月__元,Q21,,,,保姆或幫傭(包括家事管理)支出平均每月__元,,,保姆或幫傭支出平均每月__元,,,
您過去一年裡，下列各項支出情況:人壽或商業醫療保險__元,Q22,,,,請問您(和您配偶)過去一年裡，下列各項支出情況:人壽或商業醫療保險__元,,,您過去一年裡，下列各項支出情況:人壽或商業醫療保險__元,,,
您過去一年裡，下列各項支出情況:家俱與家庭耐久設備__元,Q23,,,,請問您(和您配偶)過去一年裡，下列各項支出情況:家俱與家庭耐久設備__元,,,您過去一年裡，下列各項支出情況:家俱與家庭耐久設備__元,,,
您過去一年裡，下列各項支出情況:教育費用__元,Q24,,,,請問您(和您配偶)過去一年裡，下列各項支出情況:教育費用__元,,,您過去一年裡，下列各項支出情況:教育費用__元,,,
一般父母希望教育孩子的目標，請您按照您覺得的重要程度排列出先後次序.6最不重要的,V01,,,,,,,一般父母希望教育孩子的目標，請您按照您覺得的重要程度排列出先後次序.6最不重要的,,,
平時你和你的父母都用國語交談?,V02,,,,,,,平時你和你的父母都用其他語言交談?,,,
請問您對國語之外其他日常語言，可以在學校安排課程教授贊成還是不贊成?,V03,,,,,,,請問您對國語之外其他日常語言，可以在學校安排課程教授贊成還是不贊成?,,,
請問您目前信什麼教?,V04,,,,,,,請問您目前信什麼教?,,,
訪問結束時間:月,A11,,,,,,,訪問結束時間:月,,,
現住地址,AA06,,,現居地址,現居地址,現住地址,現居地址,,現居地址,現居地址,現居地址
受訪者性別,B03,,,受訪者性別,受訪者性別,受訪者性別,受訪者性別,,受訪者性別,,受訪者性別
您覺得自己現在的健康狀況和一年以前比較起來如何?,D02,,,您覺得自己現在的健康狀況和一年以前比較起來如何,您覺得自己現在的健康狀況和一年以前比較起來如何?,您覺得自己現在的健康狀況和一年以前比較起來如何?,您覺得自己現在的健康狀況和一年以前比較起來如何?,,,您覺得自己現在的健康狀況和一年以前比較起來如何?,您覺得自己現在的健康狀況和一年以前比較起來如何?
請問您最近兩星期有沒有因為身體不舒服或受傷而影響到生活作息(如工作，家事)的情形?,D03,,,請問您最近兩星期有沒有因為身體不舒服或受傷而影響到生活作息的情形,請問您最近兩星期有沒有因為身體不舒服或受傷而影響到生活作息(如工作、家事)的情形?,請問您最近兩星期有沒有因為身體不舒服或受傷而影響到生活作息(如工作，家事)的情形?,請問您最近兩星期有沒有因為身體不舒服或受傷而影響到生活作息(如工作，家事)的情形?,,請問您最近兩星期有沒有因為身體不舒服而影響到生活作息(如工作、家事)的情形?,請問您最近兩星期有沒有因為身體不舒服或受傷而影響到生活作息的情形?,請問您最近兩星期有沒有因為身體不舒服或受傷而影響到生活作息(如工作，家事)的情形?
您覺得您是屬於下列的哪種情況?,D04,,,,,您覺得您是屬於下列的哪種情況?,您覺得您是屬於下列的哪種情況?,,,,
換過__次工作;這份工作已做了多久?__年,O30,,,,,換過__次工作;這份工作已做了多久?__年,,,,,
您的這份新工作最主要是以何種方式找到的?,O31,,,,,您的這份新工作最主要是以何種方式找到的?,,,,,
您這份工作收入是按小時，按每月等方式定期收支，每月平均約__元,O32,,,,您這份工作收入按小時、按日計酬，每月平均約__元,您這份工作收入是按小時，按每月等方式定期收支，每月平均約__元,,,,,
您這份工作收入是獎金，分紅等不固定的收入，每月平均約__元,O33,,,,您這份工作獎金、分紅等不固定的收入，每月平均約__元,您這份工作收入是獎金，分紅等不固定的收入，每月平均約__元,,,,,您這份工作收入是獎金，分紅等不固定的收入，每月平均約__元
您這份工作收入是有其他來源?,O34,,,,,您這份工作收入是有其他來源?,,,,,
您這份工作是有其他來源，每月平均約__元,O35,,,,,您這份工作是有其他來源，每月平均約__元,,,,,您這份工作收入是有其他來源，每月平均約__元
請問您過去這一個月之內找工作或準備開始創業(不含兼職)，到目前為止已找了__月,O36,,,,,請問您過去這一個月之內找工作或準備開始創業(不含兼職)，到目前為止已找了__月,,,,,
(他/她)的這份新工作最主要是以何種方式找到的?,O37,,,,,(他/她)的這份新工作最主要是以何種方式找到的?,,,,,
(他/她)這份工作收入是有其他來源，每月平均約__元,O38,,,,,(他/她)這份工作收入是有其他來源，每月平均約__元,,,,,(他/她)這份工作收入是有其他來源，每月平均約__元
(他/她)最主要用什麼方式找尋工作?,O39,,,(他/她)最主要用什麼方法找尋工作,(他/她)最主要用什麼方法找尋工作?,(他/她)最主要用什麼方式找尋工作?,(他/她)最主要用什麼方法找尋工作?,,請問(他/她)最主要用什麼方法找尋工作?,,(他/她)最主要用什麼方法找尋工作?
請問您在未來有沒有移民到台灣以外地區的打算?,R04,,,請問您在未來有沒有移民到台灣以外地區的打算,請問您在未來有沒有移民到台灣以外地區的打算?,請問您在未來有沒有移民到台灣以外地區的打算?,,,請問您在未來有沒有移民到台灣以外地區的打算?,,請問您在未來有沒有移民到台灣以外地區的打算?
請問去年(民國94年1月)之後您有沒有新的工作機會或工作變動的機會?,O40,,,,請問96年1月之後您有沒有新的工作機會或工作變動的機會?,請問去年(民國94年1月)之後您有沒有新的工作機會或工作變動的機會?,,,,,請問去年(95年1月)之後您有沒有新的工作機會或工作變動的機會?
就您所知，您目前所居住的房子一坪多少元?__元/坪,AA07,,,就您所知，您目前所居住的房子一坪多少元,就您所知，您目前所居住的房子一坪多少元?,就您所知，您目前所居住的房子一坪多少元?__元/坪,就您所知，您目前所居住的房子一坪多少元?,,就您所知，您目前所居住的房子一坪多少元?,,就您所知，您目前所居住的房子一坪多少元?
請問您現在的住宅有沒有做其他用途?,AA08,,,,,請問您現在的住宅有沒有做其他用途?,,,,,
子女1:性別,P22,,,子女1性別,子女1性別,子女1:性別,,,子女1性別,,
子女1:出生年__,P23,,,,子女1出生年,子女1:出生年__,,,子女1出生年,,
子女1:出生月__,P24,,,,子女1出生月,子女1:出生月__,,,子女1出生月,,
子女2:排行,P25,,,,,子女2:排行,,,,,
子女2:去年與您的聯絡狀況每年見面次數?,P26,,,,,子女2:去年與您的聯絡狀況每年見面次數?,,,,,
子女3:排行,P27,,,,,子女3:排行,,,,,
子女3:去年到現在有否改變住處?,P28,,,,,子女4:去年到現在有否改變住處?,,,,,
子女3:每年見面次數?,P29,,,,,子女3:每年見面次數?,,,,,健在子女3:每年見面次數?
子女4:排行,P30,,,,,子女4:排行,,,,,
子女4：您和您子女在一起時，最常做哪些事?,P31,,,,,子女4：您和您子女在一起時，最常做哪些事?,,,,,
子女4:每年見面次數?,P32,,,,,子女4:每年見面次數?,,,,,健在子女4:每年見面次數?
父親去年到現在有否改變住處?,P33,,,,,父親去年到現在有否改變住處?,,,,,父親去年到現在有否改變住處?
母親去年到現在有否改變住處?,P34,,,,,母親去年到現在有否改變住處?,,,,,
請問您的配偶父親有沒有獨居?,AB01,,,,請問您配偶的父親平常是否獨居,請問您的配偶父親有沒有獨居?,請問您配偶的父親平常是否獨居?,,請問您的配偶父親平常獨居?,請問您的配偶父親平常獨居?,請問您配偶的父親平常有沒有獨居?
請問您的配偶父親有沒有住安養機構?,AB02,,,,請問您配偶的父親平常是否住在安養機構,請問您的配偶父親有沒有住安養機構?,請問您配偶的父親平常是否住安養機構?,,請問您的配偶父親平常住安養機構?,請問您的配偶父親平常住安養機構?,請問您配偶的父親平常有沒有住安養機構?
請問您的配偶母親有沒有獨居?,AB03,,,,請問您配偶的母親平常是否獨居,請問您的配偶母親有沒有獨居?,請問您配偶的母親平常是否獨居?,,請問您的配偶母親平常獨居?,請問您的配偶母親平常獨居?,請問您配偶的母親平常有沒有獨居?
請問您的配偶母親有沒有住安養機構?,AB04,,,,請問您配偶的母親平常是否住在安養機構,請問您的配偶母親有沒有住安養機構?,請問您配偶的母親平常是否住安養機構?,,請問您的配偶母親平常住安養機構?,請問您的配偶母親平常住安養機構?,請問您配偶的母親平常有沒有住安養機構?
請問您在工作中最常使用的語言是國語嗎?,AE01,,,,,請問您在工作中最常使用的語言是國語嗎?,,,,,
請問您與父母最常使用的語言是國語嗎?,AE02,,,,,請問您與父母最常使用的語言是國語嗎?,,,,,
請問您與父母最常使用的語言是原住民語嗎?,AE03,,,,,請問您與子女最常使用的語言是原住民語嗎?,,,,,
請問您與配偶最常使用的語言是國語嗎?,AE04,,,,,請問您與配偶最常使用的語言是國語嗎?,,,,,
請問您與兄弟姊妹最常使用的語言是國語嗎?,AE05,,,,,請問您與兄弟姊妹最常使用的語言是國語嗎?,,,,,
請問您與子女最常使用的語言是國語嗎?,AE06,,,,,請問您與子女最常使用的語言是國語嗎?,,,,,
請問在去年(94年)之中，您按月領取退休金，每月__元,AD02,,,,在去年(96年)之中，您按月領取退休金，每月__元,請問在去年(94年)之中，您按月領取退休金，每月__元,,,,,在去年(95年)之中，您按月領取退休金，每月__元
請問在去年(94年)之中，您一次領清退休金，總共__元,AD03,,,,在去年(96年)之中，您一次領清退休金，總共__元,請問在去年(94年)之中，您一次領清退休金，總共__元,,,,,在去年(95年)之中，您一次領清退休金，總共__元
請問在去年(94年)之中，您的配偶按月領取退休金，每月__元,AD04,,,,在去年(96年)之中，您的配偶按月領取退休金，每月__元,請問在去年(94年)之中，您的配偶按月領取退休金，每月__元,,,,,在去年(95年)之中，您的配偶按月領取退休金，每月__元
請問您(和您配偶)過去一年裡，支出家俱與家庭耐久設備__元,Q25,,,,,請問您(和您配偶)過去一年裡，支出家俱與家庭耐久設備__元,,,,,請問您(和您配偶)過去一年裡，支出家俱與家庭耐久設備__元
請問您(和您配偶)過去一年裡，支出紅白帖費用__元,Q26,,,,,請問您(和您配偶)過去一年裡，支出紅白帖費用__元,,,,,
您和您的配偶發生意見不合後，通常怎麼解決?(可多選):彼此不說話,Q27,,,,,您和您的配偶發生意見不合後，通常怎麼解決?(可多選):彼此不說話,,,,您和您的配偶(同居伴侶)發生意見不合後，通常怎麼解決?彼此不說話,
您和您的配偶發生意見不合後，通常怎麼解決?(可多選):生氣過後就沒事了,Q28,,,,,您和您的配偶發生意見不合後，通常怎麼解決?(可多選):生氣過後就沒事了,,,,您和您的配偶(同居伴侶)發生意見不合後，通常怎麼解決?生氣過後就沒事了,
請問您是(陽曆)__月出生?,B04,,,,,,,,,,請問您是(陽曆)__月出生?
請問您認為自己目前的健康狀況如何?,D05,,,,,,,,,,請問您認為自己目前的健康狀況如何?
您的這份新工作最主要是以何種方式找到的?,O41,,,,,,,,,,您的這份新工作最主要是以何種方式找到的?
您這份工作收入是按小時，按日計酬，每月平均約__元,O42,,,,,,,,,,您這份工作收入是按小時，按日計酬，每月平均約__元
您這份工作收入是有其他來源?,O43,,,,,,,,,,您這份工作收入是有其他來源?
(他/她)的這份新工作最主要是以何種方式找到的?,O44,,,,,,,,,,(他/她)的這份新工作最主要是以何種方式找到的?
(他/她)這份工作收入是按小時，按日計酬支領收入?,O45,,,(他/她)這份工作收入是用什麼方式領的 (1) 按小時、按日計酬,(他/她)這份工作收入是否按小時、按日計酬,,(他/她)這份工作收入是按小時，按日計酬?,,(他/她)這份工作收入是按小時，按日計酬?,,(他/她)這份工作收入是按小時，按日計酬支領收入?
(他/她)這份工作收入是按小時，按日計酬，每月平均約__元,O46,,,,(他/她)這份工作收入按小時、按日計酬，每月平均約__元,,,,,,(他/她)這份工作收入是按小時，按日計酬，每月平均約__元
(他/她)這份工作收入是按月計酬支領收入?,O47,,,(他/她)這份工作收入是用什麼方式領的 (2) 按月計酬,(他/她)這份工作收入是否按月計酬,,(他/她)這份工作收入是按月計酬?,,(他/她)這份工作收入是按月計酬?,,(他/她)這份工作收入是按月計酬支領收入?
目前與您同住的(不含受訪者本人)，一共有多少人?__人,Y07,,,,目前與您同住的(不含受訪者本人)，一共有多少人?,,,,,,目前與您同住的(不含受訪者本人)，一共有多少人?__人
請問您目前與父親__人同住,Y08,,,,,,,,,,請問您目前與配偶父親__人同住
請問您目前與母親__人同住,Y09,,,,,,,,,,請問您目前與配偶母親__人同住
住宅狀況:房子是誰的,AA09,,,,,,住宅狀況:房子是誰的?,,,,住宅狀況:房子是誰的
住宅狀況:租金每月多少?__元,AA10,,,,,,,,,,住宅狀況:租金每月多少?__元
住宅狀況:房屋建坪多大?__坪,AA11,,,,,,住宅狀況:房屋建坪多大?__坪,,,,住宅狀況:房屋建坪多大?__坪
住宅狀況:庭院__坪,AA12,,,,,,住宅狀況:庭院__坪,,,,住宅狀況:庭院__坪
住宅狀況:房間數多少?__房,AA13,,,,,,住宅狀況:房間數多少?__房,,,,住宅狀況:房間數多少?__房
住宅狀況:__廳,AA14,,,,,,,,,,住宅狀況:__廳
住宅狀況:__衛浴,AA15,,,,,,,,,,住宅狀況:__衛浴
健在子女1:排行,P35,,,,,,健在子女1:排行,,,,健在子女1:排行
健在子女1:性別,P36,,,,,,健在子女1:性別,,,,健在子女1:性別
健在子女1:教育程度,P37,,,,,,健在子女1:教育程度,,,,健在子女1:教育程度
健在子女1:目前有沒有工作?,P38,,,,,,,,,,健在子女1:目前有沒有工作?
健在子女1:去年到現在有否改變住處?,P39,,,,,,健在子女1:去年到現在有否改變住處?,,,,健在子女1:去年到現在有否改變住處?
健在子女1:住處與您的距離多遠?,P40,,,,,,健在子女1:目前住處與您的距離多遠?,,,健在子女1目前住處與您的距離多遠?,健在子女1:住處與您的距離多遠?
健在子女2:排行,P41,,,,,,健在子女2:排行,,,,健在子女2:排行
健在子女2:性別,P42,,,,,,健在子女2:性別,,,,健在子女2:性別
健在子女2:出生年,P43,,,,,,,,,,健在子女2:出生年
健在子女2:出生月,P44,,,,,,,,,,健在子女2:出生月
健在子女2:教育程度,P45,,,,子女2教育程度,,,,子女2教育程度,,健在子女2:教育程度
健在子女2:目前有沒有工作?,P46,,,,,,健在子女2:目前有沒有工作?,,,,健在子女2:目前有沒有工作?
健在子女2:去年到現在有否改變住處?,P47,,,,,,健在子女2:去年到現在有否改變住處?,,,,健在子女2:去年到現在有否改變住處?
健在子女3:排行,P48,,,,,,健在子女3:排行,,,,健在子女3:排行
健在子女3:性別,P49,,,,,,,,,,健在子女3:性別
健在子女3:出生年,P50,,,,,,,,,,健在子女3:出生年
健在子女3:出生月,P51,,,,,,,,,,健在子女3:出生月
健在子女3:教育程度,P52,,,,,,,,,,健在子女3:教育程度
健在子女3:目前有沒有工作?,P53,,,,,,健在子女3:目前有沒有工作?,,,,健在子女3:目前有沒有工作?
健在子女4:排行,P54,,,,,,,,,,健在子女4:排行
健在子女4:性別,P55,,,,,,,,,,健在子女4:性別
健在子女4:出生年,P56,,,,,,,,,,健在子女4:出生年
健在子女4:出生月,P57,,,,,,健在子女4:出生月,,,,健在子女4:出生月
健在子女4:教育程度,P58,,,,,,,,,,健在子女4:教育程度
健在子女4:目前有沒有工作?,P59,,,,,,,,,,健在子女4:目前有沒有工作?
健在子女5:排行,P60,,,,,,,,,,健在子女5:排行
健在子女5:每年見面次數?,P61,,,,,,,,,,健在子女6:每年見面次數?
健在子女6:排行,P62,,,,,,健在子女6:排行,,,,健在子女6:排行
請問過去一年來，您的子女有沒有給您(或您配偶)零用金，生活費或節慶紅包?,P63,,,,請問過去一年來，您的子女有沒有給您(或您配偶)零用金、生活費或節慶紅包?,,,,過去一年，您的子女有沒有給您或您配偶零用金、生活費或節慶紅包?,請問過去一年來，健在子女1有沒有給您(或您的配偶)零用金，生活費或節慶紅包?,請問過去一年來，您的子女有沒有給您(或您配偶)零用金，生活費或節慶紅包?
母親去年到現在有否改變住處?,U01,,,,,,,,,,母親去年到現在有否改變住處?
在去年之中，您的家庭是否曾經從朋友或同事得到資助或貸款?,AF01,,,,,,,,,,在去年之中，您的家庭是否曾經從朋友或同事得到資助或貸款?
在去年(95年)之中，您(或您的配偶)有沒有經營，投資事業或做生意?,X05,,,,,,在去年(97年)之中，您(或您的配偶)有沒有經營，投資事業或做生意?,,,,在去年(95年)之中，您(或您的配偶)有沒有經營，投資事業或做生意?
在去年(95年)之中，如果您有工作的話，全部的工作收入大約有多少?,X06,,,,,,在去年(97年)之中，如果您有工作的話，全部的工作收入大約有多少?,,,,在去年(95年)之中，如果您有工作的話，全部的工作收入大約有多少?
在去年(95年)之中，如果您的配偶有工作的話，全部的工作收入大約有多少?,X07,,,,,,在去年(97年)之中，如果您的配偶有工作的話，全部的工作收入大約有多少?,,,,在去年(95年)之中，如果您的配偶有工作的話，全部的工作收入大約有多少?
在去年(95年)之中，您先領一部份，然後再按月領取退休金，去年共領__元,AD05,,,,在去年(96年)之中，您先領一部份，然後再按月領取退休金，去年共領__元,,,,,,在去年(95年)之中，您先領一部份，然後再按月領取退休金，去年共領__元
在去年(95年)之中，您的配偶先領一部份，然後再按月領取退休金，去年共領__元,AD06,,,,在去年(96年)之中，您的配偶先領一部份，然後再按月領取退休金，去年共領__元,,,,,,在去年(95年)之中，您的配偶先領一部份，然後再按月領取退休金，去年共領__元
在過去一年裡，您(和您配偶)標會支出活會平均每月__元,Q29,,,,在過去一年裡，您(和您配偶)標會支出活會平均每月__元,,,,,,在過去一年裡，您(和您配偶)標會支出活會平均每月__元
在過去一年裡，您(和您配偶)標會支出死會平均每月__元,Q30,,,,在過去一年裡，您(和您配偶)死會平均每月__元,,,,,,在過去一年裡，您(和您配偶)標會支出死會平均每月__元
請問您(和您配偶)過去一年裡，支出您配偶的衣著費用__元,Q31,,,,,,,,,,請問您(和您配偶)過去一年裡，支出您配偶的衣著費用__元
請問您(和您配偶)過去一年裡，支出紅白帖費用__元,Q32,,,,,,,,,,請問您(和您配偶)過去一年裡，支出紅白帖費用__元
請問您是不是民國__年出生?,B05,,,請問您是不是民國__年出生,請問您是不是民國__年出生?,,,,請問您是民國__月出生的?,,
您目前的這份工作最主要是以何種方式找到的?,O48,,,,您目前的這份工作最主要是以何種方式找到的?,,您目前的這份工作最主要是以何種方式找到的?,,,您目前的這份工作最主要是以何種方式找到的?,
您這份工作收入是用其他方式領的，每月平均約__元,O49,,,,您這份工作收入是用其他方式領的，每月平均約__元,,,,,,
請問(他/她)目前的主要工作與96年1月的主要工作是否有其他不同,X08,,,,請問(他/她)目前的主要工作與96年1月的主要工作是否有其他不同,,,,,,
(他/她)目前的這份工作最主要是以何種方式找到的?,X09,,,(他/她)目前的這份工作最主要是以何種方式找到的,(他/她)目前的這份工作最主要是以何種方式找到的?,,(他/她)目前的這份工作最主要是以何種方式找到的?,,,,
平常(他/她)每天上下班總共需要交通時間約__分鐘,X10,,,,平常(他/她)每天上下班總共需要交通時間約__分鐘,,,,,,
(他/她)這份工作收入是否用其他方式領的,X11,,,,(他/她)這份工作收入是否用其他方式領的,,,,(他/她)這份工作收入是其他方式領取?,,
這些同住的人包括:父親__人,Y10,,,,這些同住的人包括:父親__人,,,,,這些同住的人包括父親,
這些同住的人包括:受訪者配偶__人,Y11,,,,這些同住的人包括:受訪者配偶__人,,,,,這些同住的人包括受訪者配偶(同居伴侶),
這些同住的人包括:配偶父親__人,Y12,,,,這些同住的人包括:配偶父親__人,,,,,這些同住的人包括配偶父親,
這些同住的人包括:已婚女兒__人,Y13,,,,這些同住的人包括:已婚女兒__人,,,,,這些同住的人包括已婚女兒__人,
這些同住的人包括:未婚女兒__人,Y14,,,,這些同住的人包括:未婚女兒__人,,,,,這些同住的人包括未婚女兒__人,
這些同住的人包括:女兒配偶__人,Y15,,,,這些同住的人包括:女兒配偶__人,,,,,這些同住的人包括女兒配偶__人,
這些同住的人包括:兄弟的配偶__人,Y16,,,,這些同住的人包括:兄弟的配偶__人,,,,,這些同住的人包括兄弟的配偶__人,
這些同住的人包括:姊妹的配偶__人,Y17,,,,這些同住的人包括:姊妹的配偶__人,,,,,這些同住的人包括姊妹的配偶__人,
這些同住的人包括:非親屬__人,Y18,,,,這些同住的人包括:非親屬__人,,,,,,
房間數多少?__衛浴,AA16,,,,房間數多少?__衛浴,,,,房間數多少?__衛浴,房間數多少?__衛浴,
子女1排行,P64,,,子女1排行,子女1排行,,,,,,
子女1教育程度,P65,,,,子女1教育程度,,,,,,
子女1目前有沒有工作?,P66,,,,子女1目前有沒有工作?,,,,子女1目前有沒有工作,,
子女1去年見面次數?,P67,,,,子女1去年見面次數?,,,,,健在子女1去年見面次數?,
子女2排行,P68,,,子女2排行,子女2排行,,,,,,
子女2性別,P69,,,子女2性別,子女2性別,,,,子女2性別,,
子女2出生年,P70,,,,子女2出生年,,,,子女2出生年,,
子女2出生月,P71,,,,子女2出生月,,,,,,
子女2目前有沒有工作?,P72,,,,子女2目前有沒有工作?,,,,子女2目前有沒有工作,,
子女2目前住處與您的距離多遠?,P73,,,,子女2目前住處與您的距離多遠?,,,,,健在子女2目前住處與您的距離多遠?,
子女2每月打電話(含msn、視訊)次數?,P74,,,,子女2每月打電話(含msn、視訊)次數?,,,,子女2每月打電話(含網路即時通訊)次數?,,
子女2去年見面次數?,P75,,,,子女2去年見面次數?,,,,子女2去年見面次數?,健在子女2去年見面次數?,
子女3排行,P76,,,子女3排行,子女3排行,,,,,,
子女3性別,P77,,,子女3性別,子女3性別,,,,子女3性別,,
子女3出生年,P78,,,,子女3出生年,,,,子女3出生年,,
子女3出生月,P79,,,,子女3出生月,,,,,,
子女3教育程度,P80,,,,子女3教育程度,,,,,,
子女3目前有沒有工作?,P81,,,,子女3目前有沒有工作?,,,,子女3目前有沒有工作,,
子女3去年見面次數?,P82,,,,子女3去年見面次數?,,,,子女3去年見面次數?,,
子女4排行,P83,,,,子女4排行,,,,子女4排行,,
子女4性別,P84,,,,子女4性別,,,,子女4性別,,
子女4出生年,P85,,,,子女4出生年,,,,子女4出生年,,
子女4出生月,P86,,,,子女4出生月,,,,子女4出生月,,
子女4教育程度,P87,,,,子女4教育程度,,,,,健在子女4教育狀況,
子女4目前有沒有工作?,P88,,,,子女4目前有沒有工作?,,,,子女4目前有沒有工作,,
子女4去年見面次數?,P89,,,,子女4去年見面次數?,,,,,健在子女4去年見面次數?,
子女5排行,P90,,,,子女5排行,,,,子女5排行,,
子女5性別,P91,,,子女5性別,子女5性別,,,,,,
子女5出生年,P92,,,,子女5出生年,,,,,,
子女5出生月,P93,,,,子女5出生月,,,,子女5出生月,,
子女5教育程度,P94,,,,子女5教育程度,,,,子女5教育程度,,
子女5目前有沒有工作?,P95,,,,子女5目前有沒有工作?,,,,子女5目前有沒有工作,,
子女5去年到現在有沒有改變住處?,P96,,,,子女6去年到現在有沒有改變住處?,,,,,,
子女5目前住處與您的距離多遠?,P97,,,,子女5目前住處與您的距離多遠?,,,,子女5目前住處與您的距離多遠,,
子女5去年見面次數?,P98,,,,子女5去年見面次數?,,,,,健在子女5去年見面次數?,
子女6排行,P99,,,,子女6排行,,,,子女6排行,,
子女6性別,P100,,,子女6性別,子女6性別,,,,子女6性別,,
子女6出生年,P101,,,,子女6出生年,,,,,,
子女6出生月,P102,,,,子女6出生月,,,,,,
子女6教育程度,P103,,,,子女6教育程度,,,,,,
子女6目前有沒有工作?,P104,,,,子女6目前有沒有工作?,,,,子女6目前有沒有工作,,
子女6去年見面次數?,P105,,,,子女6去年見面次數?,,,,子女6去年見面次數?,,
請問您與您父親每月打電話(msn、視訊)次數?,AB05,,,,請問您與您父親每月打電話(msn、視訊)次數?,,,,,,
請問您母親去年到現在有否改變住處?,AB06,,,,請問您母親去年到現在有否改變住處?,,,,請問您的母親去年到現在是否改變住處?,,
請問您與您母親每月打電話(msn、視訊)次數?,AB07,,,,請問您與您配偶母親每月打電話(msn、視訊)次數?,,,,,,
請問您與您母親每年見面次數?,AB08,,,,請問您與您配偶母親每年見面次數?,,,,,,
若有利息收入，去年的收入大約__元,AD07,,,,若有利息收入，去年的收入大約__元,,若有利息收入，去年的收入大約__元,,,,
若有租金收入，去年的收入大約__元,AD08,,,,若有租金收入，去年的收入大約__元,,若有租金收入，去年的收入大約__元,,,,
若有股利收入，去年的收入大約__元,AD09,,,,若有股利收入，去年的收入大約__元,,若有股利收入，去年的收入大約__元,,,,
若有其他收入來源，去年的收入大約__元,AD10,,,,若有其他收入來源，去年的收入大約__元,,,,,,
請先確認並畫記受訪者去年有沒有配偶或其他同住的親人,V05,,,,請先確認並畫記受訪者去年有沒有配偶或其他同住的親人,,請先確認並畫記受訪者去年有沒有配偶或其他同住的親人,,,,
如果有，請問接受資助或貸款的金額總計大約為__元,AF02,,,,如果有，請問提供資助或貸款的金額總計大約為__元,,,,,,
請問您或您配偶接受的資助或貸款，是否包括購屋資金調度,AF03,,,,請問您或您配偶提供的資助或貸款，是否包括購屋資金調度?,,,,,,
請問您過去十年來，在事業資金、購屋資金或其他資金調度上，您或您的配偶有沒有提供您子女的家庭資助或貸款?,AF04,,,,請問您過去十年來，在事業資金、購屋資金或其他資金調度上，您或您的配偶有沒有提供您子女的家庭資助或貸款?,,,,,,
下面是一些您日常可能從事的活動，請問您目前身體狀況會不會限制您從事這些活動?如果會，到底限制有多少?爬一層樓樓梯,D06,,,,下面是一些您日常可能從事的活動，請問您目前身體狀況會不會限制您從事這些活動?如果會，到底限制有多少?爬數層樓樓梯,,,,,,
請問您的身高是__公分,D07,,,,請問您的身高是__公分,,,,,請問您的身高是__公分,
請問您的體重是__公斤,D08,,,,請問您的體重是__公斤,,請問您的體重是__公斤,,,請問您的體重是__公斤,
子女編號,A12,,,,,,子女編號,,子女編號,,
請問您是(陽曆)__月出生?,B06,,,,,,請問您是(陽曆)__月出生?,,,,
若需要交通時間，約__分鐘(以最常用的交通工具為主),O50,,,,,,若需要交通時間，約__分鐘(以最常用的交通工具為主),,,,
您這份工作哪一種方式領取的收入最多?,O51,,,您這份工作哪一種方式領取的收入最多,,,您這份工作哪一種方式領取的收入最多?,,,您這份工作哪一種方式領取的收入最多?,
(他/她)這份工作的公司約有多少位員工(包含受訪者配偶本人)?,X12,,,(他/她)這份工作的公司約有多少位員工(包含受訪者配偶本人),,,(他/她)這份工作的公司約有多少位員工(包含受訪者配偶本人)?,,,,
若需要交通時間，約__分鐘(以最常用的交通工具為主),X13,,,,,,若需要交通時間，約__分鐘(以最常用的交通工具為主),,,,
請問下列哪一種方式領取的收入最多?,X14,,,請問下列哪一種方式領取的收入最多,,,請問下列哪一種方式領取的收入最多?,,請問下列哪一種方式領取的收入最多?,請問下列哪一種方式領取的收入最多?,
請問您在未來有沒有移民到台灣以外地區的打算?,R05,,,,,,請問您在未來有沒有移民到台灣以外地區的打算?,,,,
請問97年1月之後您有沒有新的工作機會或工作變動的機會?,Z10,,,,,,請問97年1月之後您有沒有新的工作機會或工作變動的機會?,,,,
請問您過去一年有沒有搬遷(搬住的地方)?,Z11,,,請問您過去一年有沒有搬遷(搬住的地方),,,請問您過去一年有沒有搬遷(搬住的地方)?,,,,
住宅狀況:租金每月多少?__元,AA17,,,,,,住宅狀況:租金每月多少?__元,,,,
住宅狀況:__廳,AA18,,,,,,住宅狀況:__廳,,,,
住宅狀況:__衛浴,AA19,,,,,,住宅狀況:__衛浴,,,,
健在子女1:目前有沒有工作?,P106,,,,,,健在子女1:目前有沒有工作?,,,,
健在子女2:出生年,P107,,,,,,健在子女2:出生年,,,,
健在子女2:出生月,P108,,,,,,健在子女2:出生月,,,,
健在子女2:教育程度,P109,,,,,,健在子女2:教育程度,,,,
健在子女2:目前住處與您的距離多遠?,P110,,,,,,健在子女2:目前住處與您的距離多遠?,,,,
健在子女3:性別,P111,,,,,,健在子女3:性別,,,,
健在子女3:出生年,P112,,,,,,健在子女3:出生年,,,,
健在子女3:出生月,P113,,,,,,健在子女3:出生月,,,,
健在子女3:教育程度,P114,,,,,,健在子女3:教育程度,,,,
健在子女4:排行,P115,,,,,,健在子女4:排行,,,,
健在子女4:性別,P116,,,,,,健在子女4:性別,,,,
健在子女4:出生年,P117,,,,,,健在子女4:出生年,,,,
健在子女4:教育程度,P118,,,,,,健在子女4:教育程度,,,,
健在子女4:目前有沒有工作?,P119,,,,,,健在子女4:目前有沒有工作?,,,,
健在子女5:排行,P120,,,,,,健在子女5:排行,,,,
健在子女5:去年見面次數?,P121,,,,,,健在子女6:去年見面次數?,,,,
請問過去一年來，您的子女有沒有給您(或您配偶)零用金，生活費或節慶紅包?,P122,,,,,,請問過去一年來，您的子女有沒有給您(或您配偶)零用金，生活費或節慶紅包?,,,,
請問您母親去年到現在有否改變住處?,U02,,,,,,請問您母親去年到現在有否改變住處?,,,,
請問您有兄幾人?,AE07,,,,,,請問您有弟幾人?,,,,
請問您有姊幾人?,AE08,,,,,,請問您有妹幾人?,,,,
兄弟姊妹1:性別,AE09,,,,,,兄弟姊妹1:性別,,,,
兄弟姊妹1:出生年,AE10,,,,,,兄弟姊妹1:出生年,,,,
兄弟姊妹1:居住地區,AE11,,,,,,兄弟姊妹1:居住地區,,,,
兄弟姊妹1:居住地區碼,AE12,,,,,,兄弟姊妹1:居住地區碼,,,,
兄弟姊妹1:教育程度,AE13,,,,,,兄弟姊妹1:教育程度,,,,
兄弟姊妹1:目前有沒有工作,AE14,,,,,,兄弟姊妹1:目前有沒有工作,,,,
兄弟姊妹1:目前/前一份工作的職業,AE15,,,,,,兄弟姊妹1:目前/前一份工作的職業,,,,
兄弟姊妹1:為誰工作,AE16,,,,,,兄弟姊妹2:為誰工作,,,,
兄弟姊妹1:去年主要聯絡方式,AE17,,,,,,兄弟姊妹1:去年主要聯絡方式,,,,
兄弟姊妹1:去年聯絡天數,AE18,,,,,,兄弟姊妹1:去年聯絡天數,,,,
兄弟姊妹3:居住地區碼,AE19,,,,,,兄弟姊妹3:居住地區碼,,,,
兄弟姊妹3:教育程度,AE20,,,,,,兄弟姊妹3:教育程度,,,,
兄弟姊妹3:目前/前一份工作的職業,AE21,,,,,,兄弟姊妹3:目前/前一份工作的職業,,,,
兄弟姊妹3:為誰工作,AE22,,,,,,兄弟姊妹3:為誰工作,,,,
兄弟姊妹4:去年主要聯絡方式,AE23,,,,,,兄弟姊妹4:去年主要聯絡方式,,,,
兄弟姊妹5:居住地區碼,AE24,,,,,,兄弟姊妹5:居住地區碼,,,,
兄弟姊妹5:教育程度,AE25,,,,,,兄弟姊妹5:教育程度,,,,
兄弟姊妹5:目前/前一份工作的職業,AE26,,,,,,兄弟姊妹5:目前/前一份工作的職業,,,,
兄弟姊妹5:為誰工作,AE27,,,,,,兄弟姊妹5:為誰工作,,,,
若有經營，投資事業或做生意，去年獲利或虧損約__元,Q33,,,,,,若有經營，投資事業或做生意，去年獲利或虧損約__元,,,若有經營，投資事業或做生意，去年約獲利或虧損__元,
若您有工作，過去一年的收入大約__元,Q34,,,,,,若您有工作，過去一年的收入大約__元,,,若您過去一年有工作，收入大約__元,
若您的配偶有工作，過去一年的收入大約__元,Q35,,,,,,若您的配偶有工作，過去一年的收入大約__元,,,若您配偶過去一年有工作，收入大約__元,
若有其他收入來源，去年的收入大約__元,Q36,,,,,,若有其他收入來源，去年的收入大約__元,,,,
在過去一年裡，您(和您配偶)標會支出活會平均每月__元,Q37,,,,,,在過去一年裡，您(和您配偶)標會支出活會平均每月__元,,,,
在過去一年裡，您(和您配偶)標會支出死會平均每月__元,Q38,,,,,,在過去一年裡，您(和您配偶)標會支出死會平均每月__元,,,,
平時您是否會參加過年吃年夜飯的家庭聚會活動?,Q39,,,,,,平時您是否會參加家族聚餐的聚會活動?,,,,
您認為很有同情心這個特徵符不符合您自己的個性?,V06,,,,,,您認為很有同情心這個特徵符不符合您自己的個性?,,,您認為很有同情心符不符合您自己的個性?,
您認為懂得放鬆而且會處理壓力這個特徵符不符合您自己的個性?,V07,,,,,,您認為懂得放鬆而且會處理壓力這個特徵符不符合您自己的個性?,,,您認為懂得放鬆而且會處理壓力符不符合您自己的個性?,
您認為對多花腦筋思考的事物很有興趣這個特徵符不符合您自己的個性?,V08,,,,,,您認為對多花腦筋思考的事物很有興趣這個特徵符不符合您自己的個性?,,,您認為對多花腦筋思考的事物很有興趣符不符合您自己的個性?,
您認為外向，會和人交際這個特徵符不符合您自己的個性?,V09,,,,,,您認為外向，會和人交際這個特徵符不符合您自己的個性?,,,您認為外向，會和人交際符不符合您自己的個性?,
您認為比較會挑別人毛病這個特徵符不符合您自己的個性?,V10,,,,,,您認為比較會挑別人毛病這個特徵符不符合您自己的個性?,,,您認為比較會挑別人毛病符不符合您自己的個性?,
您認為粗心大意這個特徵符不符合您自己的個性?,V11,,,,,,您認為粗心大意這個特徵符不符合您自己的個性?,,,您認為粗心大意符不符合您自己的個性?,
您認為容易緊張這個特徵符不符合您自己的個性?,V12,,,,,,您認為容易緊張這個特徵符不符合您自己的個性?,,,您認為容易緊張符不符合您自己的個性?,
您認為藝術方面的興趣比較少這個特徵符不符合您自己的個性?,V13,,,,,,您認為藝術方面的興趣比較少這個特徵符不符合您自己的個性?,,,您認為藝術方面的興趣比較少符不符合您自己的個性?,
您(或您的配偶)有沒有打算在未來(再)生一個小孩?,Q40,,,,,,您(或您的配偶)有沒有打算在未來(再)生一個小孩?,,,,
請問您自願離開原來工作的主要原因是什麼,O52,,,請問您自願離開原來工作的主要原因是什麼,,,,,,,
您這份工作的工作地點是在那裡?地區碼,O53,,,您這份工作的工作地點是在那裡?地區碼,,,,,,,
若您每天上下班(來回)需要多少交通時間，約__分鐘,O54,,,若您每天上下班(來回)需要多少交通時間，約__分鐘,,,,,,,
請問您這份兼差的行業是,O55,,,請問您這份兼差的職業是,,,,,,,
請問您目前沒有工作，是屬於下列哪一種情況,O56,,,請問您目前沒有工作，是屬於下列哪一種情況,,,,,,請問您目前沒有工作，是屬於下列哪一種情況?,
從開始找工作到目前為止又找了__週,O57,,,從開始找工作到目前為止又找了__週,,,,,,,
請問您是在什麼時候(民國幾年幾月)離婚╱分居╱喪偶民國__年,E04,,,請問您是在什麼時候(民國幾年幾月)離婚╱分居╱喪偶__月,,,,,,,
請問(他/她)是由人力派遣公司付薪水的嗎,X15,,,請問(他/她)是由人力派遣公司付薪水的嗎,,,,,請問(他/她)是由人力派遣公司付薪水的嗎?,,
請問(他/她)目前沒有工作，是屬於下列哪一種情況,X16,,,請問(他/她)目前沒有工作，是屬於下列哪一種情況,,,,,請問(他/她)目前沒有工作，是屬於下列哪一種情況?,,
請問(他/她)目前不打算找工作的原因是什麼,X17,,,請問(他/她)目前不打算找工作的原因是什麼,,,,,請問(他/她)目前不打算找工作的原因是什麼?,,
從開始找工作到目前為止又找了__週,X18,,,從開始找工作到目前為止又找了__週,,,,,,,
您有沒有以下的親人定居在台灣以外地區 (3) 兄弟姊妹或配偶的兄弟姊妹,S10,,,您有沒有以下的親人定居在台灣以外地區 (3) 兄弟姊妹或配偶的兄弟姊妹,,,,,您有沒有以下的親人定居在台灣以外地區?(請唸出小題) 3 兄弟姊妹或配偶的兄弟姊妹,,
您有沒有以下的親人定居在台灣以外地區 (4) 配偶,S11,,,您有沒有以下的親人定居在台灣以外地區 (4) 配偶,,,,,您有沒有以下的親人定居在台灣以外地區?(請唸出小題) 4 配偶,,
您有沒有以下的親人定居在台灣以外地區 (7) 其他親人,S12,,,您有沒有以下的親人定居在台灣以外地區 (7) 其他親人,,,,,您有沒有以下的親人定居在台灣以外地區?(請唸出小題) 5 其他親人(請說明),,
這些同住的人包括有幾人 (17) 姊妹的配偶,Y19,,,這些同住的人包括有幾人 (19) 配偶已婚姊妹,,,,,,,
這些同住的人包括有幾人 (22) 祖父,Y20,,,這些同住的人包括有幾人 (24) 外祖父,,,,,,,
這些同住的人包括有幾人 (23) 祖母,Y21,,,這些同住的人包括有幾人 (25) 外祖母,,,,,,,
這些同住的人包括有幾人 (30) 孫子女,Y22,,,這些同住的人包括有幾人 (31) 外孫子女,,,,,,,
請問您的配偶有接受這個新的工作機會嗎,O58,,,請問您的配偶有接受這個新的工作機會嗎,,,,,請問您的配偶有接受這個新的工作機會嗎?,,
子女4排行,P123,,,子女4排行,,,,,,,
子女5排行,P124,,,子女5排行,,,,,,,
子女6排行,P125,,,子女6排行,,,,,,,
子女4性別,P126,,,子女4性別,,,,,,,
您覺得自己現在的健康狀況和一年以前比較起來如何?,D09,,,,,,,,您覺得自己現在的健康狀況和一年以前比較起來如何?,,
您這份工作哪一種方式領取的收入最多?,X19,,,,,,,,您這份工作哪一種方式領取的收入最多?,,
請確認上次訪問時，受訪者是否有工作?,X20,,,,,,,,請確認上次訪問時，受訪者是否有工作?,,
您目前的主要工作，跟上一次訪問時的主要工作比較起來，是否公司老闆/機構負責人換人?,X21,,,,,,,,您目前的主要工作，跟上一次訪問時的主要工作比較起來，是否公司老闆/機構負責人換人?,您目前的主要工作，跟上一次訪問時的主要工作比較起來，公司老闆/機構負責人換人?,
您目前的主要工作，跟上一次訪問時的主要工作比較起來，是否上次訪問時沒有工作?,X22,,,,,,,,您目前的主要工作，跟上一次訪問時的主要工作比較起來，是否上次訪問時沒有工作?,您目前的主要工作，跟上一次訪問時的主要工作比較起來，沒有改變?,
您目前的這份工作最主要是以何種方式找到的?,X23,,,,,,,,您目前的這份工作最主要是以何種方式找到的?,,
在您離開當時，您那份工作平均每週大約工作幾個小時?,X24,,,,,,,,在您離開當時，您那份工作平均每週大約工作幾個小時?,在您離開當時，您那份工作平均每週大約工作幾個小時?,
從開始找工作到目前為止已找了多久?__月,X25,,,,,,,,從開始找工作到目前為止已找了多久?又__週,,
請問從上次訪問您以來，您個人的婚姻狀況有沒有改變(例如，從單身變已婚、離婚後再婚),E05,,,,,,,,請問從上次訪問您以來，您個人的婚姻狀況有沒有改變(例如，從單身變已婚、離婚後再婚),請問從上次訪問您以來，您個人的婚姻狀況有沒有改變?,
從上次訪問您以後，您的個人婚姻狀況變化成為已婚，是在民國幾年__?(答完A16b後，跳至A17a),E06,,,,,,,,從上次訪問您以後，您的個人婚姻狀況變化成為已婚，是在民國幾月__?(答完A16b後，跳至A17a),,
從上次訪問您以後，您的個人婚姻狀況變化成為同居，是在民國幾年__?(答完A16c後，跳至A26),E07,,,,,,,,從上次訪問您以後，您的個人婚姻狀況變化成為同居，是在民國幾月__?(答完A16c後，跳至A26),,
從上次訪問您以後，您的個人婚姻狀況變化成為分居╱離婚╱喪偶，是在民國幾年__?(答完A16d後，跳至B.居住安排),E08,,,,,,,,從上次訪問您以後，您的個人婚姻狀況變化成為分居╱離婚╱喪偶，是在民國幾月__?(答完A16d後，跳至B.居住安排),,
請問剛結婚時，您從事什麼樣的工作?,X26,,,,,,,,請問剛結婚時，您從事什麼樣的工作?,,
請問剛結婚時，您當時為誰工作?,X27,,,,,,,,請問剛結婚時，您當時為誰工作?,請問剛結婚時，您(先生/太太)當時為誰工作?,
請問剛結婚時，當時的工作收入?,X28,,,,,,,,請問剛結婚時，當時的工作收入?,請問剛結婚時，您當時的工作收入:,
您(先生/太太)當時為誰工作?,X29,,,,,,,,您(先生/太太)當時為誰工作?,您(先生/太太)當時為誰工作?,
請問您結婚的時候:男方是否準備聘金?,AG01,,,,,,,,請問您結婚的時候:男方是否準備聘金?,請問您結婚的時候，男方是否準備聘金?,
請問您結婚的時候:男方若有準備聘金，當時大約是__元,AG02,,,,,,,,請問您結婚的時候:男方若有準備聘金，當時大約是__元,請問您結婚的時候，男方若有準備聘金，當時大約是__元,
請問您結婚的時候:女方是否準備嫁妝?,AG03,,,,,,,,請問您結婚的時候:女方是否準備嫁妝?,請問您結婚的時候，女方是否準備嫁妝?,
請問您結婚的時候:女方若有準備嫁妝，當時折合現金大約是__元,AG04,,,,,,,,請問您結婚的時候:女方若有準備嫁妝，當時折合現金大約是__元,請問您結婚的時候，女方若有準備嫁妝，當時折合現金大約是__元,
請問剛結婚時，您們住在哪裡?,AA20,,,,,,,,請問剛結婚時，您們住在哪裡?,請問剛結婚時，您們住在哪裡?,
請問剛結婚時，您們住在哪裡，持續共__年,AA21,,,,,,,,請問剛結婚時，您們住在哪裡，持續共__年,請問剛結婚時，您們住在哪裡，持續共__年,
請問您與您的(先生/太太)是如何認識結婚的?,F03,,,,,,,,請問您與您的(先生/太太)是如何認識結婚的?,,
請問當初您的父母是否贊成這門親事?,F04,,,,,,,,請問當初您的父母是否贊成這門親事?,,
(他/她)這份工作的公司約有多少位員工(包含受訪者配偶本人)?,X30,,,,,,,,(他/她)這份工作的公司約有多少位員工(包含受訪者配偶本人)?,,
請問(他/她)是從什麼時候開始做目前這份工作的?民國__年(答完A33c後，跳至A35a),X31,,,,,,,,請問(他/她)是從什麼時候開始做目前這份工作的?民國__月(答完A33c後，跳至A35a),,
請問您的配偶從開始找工作到目前為止已找了多久?__月,X32,,,,,,,,請問您的配偶從開始找工作到目前為止已找了多久?又__週,,
請問您在上一次訪問之後，是否有搬遷(搬住的地方)過?,Z12,,,,,,,,請問您在上一次訪問之後，是否有搬遷(搬住的地方)過?,,
請問您(上次訪問)之後，總共搬遷幾次?,Z13,,,,,,,,請問您(上次訪問)之後，總共搬遷幾次?,請問您之後，總共搬遷幾次?,
請問您最近一次搬遷 (搬家)是什麼時候?民國__年,Z14,,,,,,,,請問您最近一次搬遷 (搬家)是什麼時候?民國__年,請問您最近一次搬遷是什麼時候?民國__年,
請問您最近一次搬遷是什麼時候?__月,Z15,,,,,,,,請問您最近一次搬遷是什麼時候?__月,,
居住約多久?__年,AA22,,,,,,,,居住約多久?__年,居住約多久?__月,
去年您與孫子女__人同住,Y23,,,,,,,,去年您與孫子女__人同住,,
去年您與其他親屬__人同住,Y24,,,,,,,,去年您與非親屬__人同住,,
請問上一次訪問之後您有沒有新的工作機會或工作變動的機會?,X33,,,,,,,,請問上一次訪問之後您有沒有新的工作機會或工作變動的機會?,請問上一次訪問之後，您有沒有新的工作機會或工作變動的機會?,
請問上一次訪問之後您的配偶有沒有新的工作機會或工作變動的機會?,X34,,,,,,,,請問上一次訪問之後您的配偶有沒有新的工作機會或工作變動的機會?,請問上一次訪問之後，您配偶/同居伴侶有沒有新的工作機會或工作變動的機會?,
子女1排行,P127,,,,,,,,子女1排行,,
子女2排行,P128,,,,,,,,子女2排行,,
子女3排行,P129,,,,,,,,子女3排行,,
子女5性別,P130,,,,,,,,子女5性別,,
子女5出生年,P131,,,,,,,,子女5出生年,,
子女6出生年,P132,,,,,,,,子女6出生年,,
子女2出生月,P133,,,,,,,,子女2出生月,,
子女3出生月,P134,,,,,,,,子女3出生月,,
子女6出生月,P135,,,,,,,,子女6出生月,,
子女1教育程度,P136,,,,,,,,子女1教育程度,,
子女3教育程度,P137,,,,,,,,子女3教育程度,,
子女4教育程度,P138,,,,,,,,子女4教育程度,,
子女6教育程度,P139,,,,,,,,子女6教育程度,,
子女4學校類別,P140,,,,,,,,子女4學校類別,健在子女4學校類別,
去年中，子女5有補習(含安親班)支出?,P141,,,,,,,,去年中，子女6有補習(含安親班)支出?,,
去年中，子女1有各種才藝班支出?,P142,,,,,,,,去年中，子女1各種才藝班支出,,
去年中，子女6有各種才藝班支出?,P143,,,,,,,,去年中，子女6有各種才藝班支出?,,
去年中，子女1有其他教育相關支出(含學雜費、住宿、通勤等)?,P144,,,,,,,,去年中，子女4有其他教育相關支出(含學雜費、住宿、通勤等)?,,
去年中，子女3有其他教育相關支出(含學雜費、住宿、通勤等)?,P145,,,,,,,,去年中，子女3有其他教育相關支出(含學雜費、住宿、通勤等)?,,
去年中，子女5去年有就學，但沒有上述支出,P146,,,,,,,,去年中，子女6去年有就學，但沒有上述支出,,
過去一年子女5有沒有領取獎助學金,P147,,,,,,,,過去一年子女6有沒有領取獎助學金,,
過去一年子女5有沒有領取助學貸款,P148,,,,,,,,過去一年子女6有沒有領取助學貸款,,
過去一年子女5都沒有打工賺錢、領取獎助學金、領取助學貸款,P149,,,,,,,,過去一年子女6都沒有打工賺錢、領取獎助學金、領取助學貸款,,
子女3目前由誰照顧?(02) 您的配偶,P150,,,,,,,,子女4目前由誰照顧?(02) 您的配偶,,
子女5目前由誰照顧?(02) 您的配偶,P151,,,,,,,,子女6目前由誰照顧?(02) 您的配偶,,
子女1目前由誰照顧?(03) 您的父母,P152,,,,,,,,子女3目前由誰照顧?(03) 您的父母,,
子女6目前由誰照顧?(03) 您的父母,P153,,,,,,,,子女6目前由誰照顧?(03) 您的父母,,
子女2目前由誰照顧?(04) 配偶父母,P154,,,,,,,,子女2目前由誰照顧?(04) 配偶父母,,
子女3目前由誰照顧?(04) 配偶父母,P155,,,,,,,,子女3目前由誰照顧?(05) 其他親屬,,
子女4目前由誰照顧?(04) 配偶父母,P156,,,,,,,,子女4目前由誰照顧?(05) 其他親屬,,
子女1目前由誰照顧?(05) 其他親屬,P157,,,,,,,,子女1目前由誰照顧?(97) 其他(請說明),,
子女3目前由誰照顧?(06) 保姆或僱傭(在自己家),P158,,,,,,,,子女4目前由誰照顧?(06) 保姆或僱傭(在自己家),,
子女5目前由誰照顧?(06) 保姆或僱傭(在自己家),P159,,,,,,,,子女6目前由誰照顧?(06) 保姆或僱傭(在自己家),,
子女4目前由誰照顧?(07) 保姆(在保姆家),P160,,,,,,,,子女4目前由誰照顧?(07) 保姆(在保姆家),,
子女5目前由誰照顧?(07) 保姆(在保姆家),P161,,,,,,,,子女5目前由誰照顧?(07) 保姆(在保姆家),,
子女5目前由誰照顧?(08) 育嬰中心或其他的托兒機構,P162,,,,,,,,子女6目前由誰照顧?(08) 育嬰中心或其他的托兒機構,,
子女2目前由誰照顧?(97) 其他(請說明),P163,,,,,,,,子女2目前由誰照顧?(97) 其他(請說明),,
子女3目前由誰照顧?(97) 其他(請說明),P164,,,,,,,,子女3目前由誰照顧?(97) 其他(請說明),,
子女4目前由誰照顧?(97) 其他(請說明),P165,,,,,,,,子女4目前由誰照顧?(97) 其他(請說明),,
子女1最主要的照顧者?,P166,,,,,,,,子女1最主要的照顧者?,健在子女1最主要的照顧者?,
子女2最主要的照顧者?,P167,,,,,,,,子女2最主要的照顧者?,健在子女2最主要的照顧者?,
子女4最主要的照顧者?,P168,,,,,,,,子女4最主要的照顧者?,健在子女4最主要的照顧者?,
子女5最主要的照顧者?,P169,,,,,,,,子女5最主要的照顧者?,健在子女5最主要的照顧者?,
子女1平均一個月托育支出大約是多少,P170,,,,,,,,子女1平均一個月托育支出大約是多少,健在子女1平均一個月托育支出大約是多少?,
子女2平均一個月托育支出大約是多少,P171,,,,,,,,子女2平均一個月托育支出大約是多少,健在子女2平均一個月托育支出大約是多少?,
子女3平均一個月托育支出大約是多少,P172,,,,,,,,子女3平均一個月托育支出大約是多少,健在子女3平均一個月托育支出大約是多少?,
子女4平均一個月托育支出大約是多少,P173,,,,,,,,子女4平均一個月托育支出大約是多少,健在子女4平均一個月托育支出大約是多少?,
子女5平均一個月托育支出大約是多少,P174,,,,,,,,子女5平均一個月托育支出大約是多少,健在子女5平均一個月托育支出大約是多少?,
子女6平均一個月托育支出大約是多少,P175,,,,,,,,子女6平均一個月托育支出大約是多少,健在子女6平均一個月托育支出大約是多少?,
子女6目前住處與您的距離多遠,P176,,,,,,,,子女6目前住處與您的距離多遠,,
子女3去年寫信(含EMAIL)次數?,P177,,,,,,,,子女3去年寫信(含EMAIL)次數?,,
子女1去年見面次數?,P178,,,,,,,,子女1去年見面次數?,,
子女4去年見面次數?,P179,,,,,,,,子女4去年見面次數?,,
子女5去年見面次數?,P180,,,,,,,,子女5去年見面次數?,,
請問您平均每週大約花多少時間陪子女唸書或教導子女唸書?__小時,P181,,,,,,,,請問您平均每週大約花多少時間陪子女唸書或教導子女唸書?__小時,請問您平均每週大約花多少時間陪子女唸書或教導子女唸書?__小時,
請問您的配偶平均每週大約花多少時間陪子女唸書或教導子女唸書?__小時,P182,,,,,,,,請問您的配偶平均每週大約花多少時間陪子女唸書或教導子女唸書?__小時,,
請問他目前住處與您的距離多遠(父親),AB09,,,,,,,,請問他目前住處與您的距離多遠(配偶父親),,
請問她目前住處與您的距離多遠(母親),AB10,,,,,,,,請問她目前住處與您的距離多遠(配偶母親),,
若有接受您父母在一般生活費上的資助或貸款，平均每個月大約__元,U03,,,,,,,,若有接受您配偶父母在一般生活費上的資助或貸款，平均每個月大約__元,,
在去年之中，請問您的父母是否曾經獲得下列收入來源?2 政府社會福利,U04,,,,,,,,在去年之中，請問您的父母是否曾經獲得下列收入來源?2 政府社會福利,,
配偶父親教育程度,AB11,,,,,,,,配偶父親教育程度,配偶父親教育程度,
請問您的配偶父親去年到現在是否改變住處?,AB12,,,,,,,,請問您的配偶父親去年到現在是否改變住處?,,
請問您的配偶母親去年到現在是否改變住處?,AB13,,,,,,,,請問您的配偶母親去年到現在是否改變住處?,,
上次訪問以來，您的家庭是否曾經從下列來源得到資助或借款?4 朋友或同事,S13,,,,,,,,上次訪問以來，您的家庭是否曾經從下列來源得到資助或借款?4 朋友或同事,,
您領取退休金的方式?按年領取，每年____元,AD11,,,,,,,,您領取退休金的方式?每年分數次，總共____元,,
您領取退休金的方式?先領一部分，然後再按月領取，去年總共領取____元,AD12,,,,,,,,您領取退休金的方式?先領一部分，然後再按月領取，去年總共領取____元,您退休金若先領一部份，然後再按月領取，去年共領__元,
您配偶領取退休金的方式?按月領取，每月____元,AD13,,,,,,,,您配偶領取退休金的方式?先領一部分，然後再按月領取，去年總共領取____元,,
您配偶領取退休金的方式?按年領取，每年____元,AD14,,,,,,,,您配偶領取退休金的方式?每年分數次，總共____元,,
您配偶領取退休金的方式?一次領清，總共____元,AD15,,,,,,,,您配偶領取退休金的方式?一次領清，總共____元,,
除了上面所談到的這些收入之外，您或您的配偶是否有下列這些收入? 2 租金收入,Q41,,,,,,,,除了上面所談到的這些收入之外，您或您的配偶是否有下列這些收入? 2 租金收入 ____元,,
請問您的身高是__公分,B07,,,,,,,,請問您的身高是__公分,,
受訪者性別,B08,,,,,,,,,受訪者性別,
請問您是不是民國__年出生?,B09,,,,,,,,,請問您是不是民國__年出生?,
若您需要交通時間，約__分鐘,O59,,,,,,,,,若需要交通時間，約__分鐘,
請確認上次訪問時，受訪者是否有工作?,O60,,,,,,,,,請確認上次訪問時，受訪者是否有工作?,
請問您的第一份全職工作是__行業,O61,,,,,,,,,請問您的第一份全職工作是__職業,
您拿到最高學歷之後的第一份全職工作是__行業,O62,,,,,,,,,您拿到最高學歷之後的第一份全職工作是__職業,
請問剛結婚時，您當時為誰工作?,X35,,,,,,,,,請問剛結婚時，您當時為誰工作?,
請問剛結婚時，(他/她)當時的工作收入:,X36,,,,,,,,,請問剛結婚時，(他/她)當時的工作收入:,
請問您與您的(先生/太太)是如何認識結婚的?,E09,,,,,,,,,請問您與您的(先生/太太)是如何認識結婚的?,
請問當初您的父母是否贊成這門親事?,E10,,,,,,,,,請問當初您的父母是否贊成這門親事?,
請問您的(先生/太太/同居伴侶)是在哪一年出生的?__月,F05,,,,,,,,,請問您的(先生/太太/同居伴侶)是在哪一年出生的?__月,
請問您配偶目前的工作是__行業,X37,,,,,,,,,請問您配偶目前的工作是__職業,
您配偶這份工作平均每個月的總收入有多少?,X38,,,,,,,,,您配偶這份工作平均每個月的總收入大約有多少?,
您配偶這份工作收入是按件計酬的?,X39,,,,,,,,,您配偶這份工作收入是營業(收成)收入?,
請問您配偶是從什麼時候開始做目前這份工作的?民國__年,X40,,,,,,,,,請問您配偶是從什麼時候開始做目前這份工作的?__月,
請問您在上一次訪問之後，是否有搬遷(搬住的地方)過?,Z16,,,,,,,,,請問您在上一次訪問之後，是否有搬遷(搬住的地方)過?,
請問您最近一次搬遷是什麼時候?__月,Z17,,,,,,,,,請問您最近一次搬遷是什麼時候?__月,
居住約多久?__年,AA23,,,,,,,,,居住約多久?__年,
這些同住的人包括未婚兒子__人,Y25,,,,,,,,,這些同住的人包括未婚兒子__人,
健在子女1出生月,P183,,,,,,,,,健在子女1出生月,
再請問健在子女1平常會不會跟您說他/她的心事或煩惱?,P184,,,,,,,,,再請問健在子女1平常會不會跟您說他/她的心事或煩惱?,
健在子女2去年寫信(含email)次數?,P185,,,,,,,,,健在子女2去年寫信(含email)次數?,
健在子女3出生年,P186,,,,,,,,,健在子女3出生月,
健在子女3目前由其他親屬照顧?,P187,,,,,,,,,健在子女3目前由其他人/方式照顧?,
健在子女3目前由保姆或僱傭(在自己家)照顧?,P188,,,,,,,,,健在子女3目前由保姆或僱傭(在自己家)照顧?,
健在子女3目前由保姆(在保姆家)照顧?,P189,,,,,,,,,健在子女3目前由保姆(在保姆家)照顧?,
健在子女4出生年,P190,,,,,,,,,健在子女4出生月,
健在子女4目前由其他親屬照顧?,P191,,,,,,,,,健在子女4目前由其他親屬照顧?,
健在子女4目前由育嬰中心或其他的托兒機構照顧?,P192,,,,,,,,,健在子女4目前由育嬰中心或其他的托兒機構照顧?,
健在子女4去年有就學，但沒有上述支出,P193,,,,,,,,,健在子女4去年有就學，但沒有上述支出,
健在子女4目前住處與您的距離多遠?,P194,,,,,,,,,健在子女4目前住處與您的距離多遠?,
健在子女5出生年,P195,,,,,,,,,健在子女5出生月,
健在子女5目前由您自己照顧?,P196,,,,,,,,,健在子女6目前由您自己照顧?,
健在子女5目前由您的配偶照顧?,P197,,,,,,,,,健在子女5目前由您的配偶照顧?,
健在子女5目前由您的父母照顧?,P198,,,,,,,,,健在子女5目前由您的父母照顧?,
健在子女5目前由配偶父母照顧?,P199,,,,,,,,,健在子女5目前由配偶父母照顧?,
健在子女5去年未就學,P200,,,,,,,,,健在子女5去年未就學,
健在子女5過去一年若有補習(含安親班)支出是__元,P201,,,,,,,,,健在子女5過去一年若有補習(含安親班)支出是__元,
健在子女5過去一年若有其他教育相關支出是__元,P202,,,,,,,,,健在子女5過去一年若有其他教育相關支出是__元,
再請問您平常會不會跟健在子女5說您的心事或煩惱?,P203,,,,,,,,,再請問您平常會不會跟健在子女5說您的心事或煩惱?,
再請問健在子女5平常會不會跟您說他/她的心事或煩惱?,P204,,,,,,,,,再請問健在子女5平常會不會跟您說他/她的心事或煩惱?,
如果您們不同住，請問健在子女5的居住地區是,P205,,,,,,,,,如果您們不同住，請問健在子女5的居住地區是,
健在子女6出生年,P206,,,,,,,,,健在子女6出生月,
健在子女6目前由育嬰中心或其他的托兒機構照顧?,P207,,,,,,,,,健在子女6目前由育嬰中心或其他的托兒機構照顧?,
健在子女6最主要的照顧者?,P208,,,,,,,,,健在子女6最主要的照顧者?,
健在子女6過去一年，您或您配偶是否負擔補習(含安親班)支出,P209,,,,,,,,,健在子女6過去一年，您或您配偶是否負擔補習(含安親班)支出,
健在子女6目前住處與您的距離多遠?,P210,,,,,,,,,健在子女6目前住處與您的距離多遠?,
請問您的配偶平均每週大約花多少時間陪子女唸書或教導子女唸書?__小時,Q42,,,,,,,,,請問您的配偶平均每週大約花多少時間陪子女唸書或教導子女唸書?__小時,
去年之中，您的父親有無幫您帶小孩?若有，請問平均一個月幾天?,Y26,,,,,,,,,去年之中，您的父親有無幫您帶小孩?若有，請問平均一個月幾天?,
去年之中，您的父親有無幫您做家事?若有，請問平均一個月幾天?,Y27,,,,,,,,,去年之中，您的父親有無幫您做家事?若有，請問平均一個月幾天?,
請問您的父親平常會不會跟您說他的心事或煩惱?,Y28,,,,,,,,,請問您的父親平常會不會跟您說他的心事或煩惱?,
請問您母親是何時過世的?民國__年去世,H03,,,,,,,,,請問您配偶母親是何時過世的?民國__年去世,
去年之中，您的母親有無幫您帶小孩?若有，請問平均一個月幾天?,Y29,,,,,,,,,去年之中，配偶母親有無幫您帶小孩?若有，請問平均一個月幾天?,
去年之中，您的母親有無幫您做家事?若有，請問平均一個月幾天?,Y30,,,,,,,,,去年之中，配偶母親有無幫您做家事?若有，請問平均一個月幾天?,
請問您的母親平常會不會跟您說她的心事或煩惱?,Y31,,,,,,,,,再請問您平常會不會跟您的母親說您的心事或煩惱?,
去年之中，您(或您配偶)有無幫您的父母做家事或照料生活起居?若有，請問平均一個月幾天?,Y32,,,,,,,,,去年之中，您(或您配偶)有無幫您的配偶父母做家事或照料生活起居?若有，請問平均一個月幾天?,
若有給您(或您配偶)一般生活費上的資助，平均每個月大約__元,AF05,,,,,,,,,若有給您(或您配偶)一般生活費上的資助，平均每個月大約__元,
請問您的配偶父親平常會不會跟您說他的心事或煩惱?,AB14,,,,,,,,,再請問您平常會不會跟您的配偶父親說您的心事或煩惱?,
請問您的配偶母親平常會不會跟您說他的心事或煩惱?,AB15,,,,,,,,,請問您的配偶母親平常會不會跟您說他的心事或煩惱?,
如果您或您的配偶有財務需要的話，父母是否會幫助您?,S14,,,,,,,,,如果您或您的配偶有財務需要的話，配偶父母是否會幫助您?,
如果您或您的配偶有財務需要的話，兄弟姊妹是否會幫助您?,S15,,,,,,,,,如果您或您的配偶有財務需要的話，配偶兄弟姊妹是否會幫助您?,
在去年(106年)之中，您(或您的配偶)有沒有經營，投資事業或做生意?,Q43,,,,,,,,,在去年(106年)之中，您(或您的配偶)有沒有經營，投資事業或做生意?,
在去年(106年)之中，如果您有工作的話，全部的工作收入大約有多少?,Q44,,,,,,,,,在去年(106年)之中，如果您有工作的話，全部的工作收入大約有多少?,
在去年(106年)之中，如果您的配偶有工作的話，全部的工作收入大約有多少?,Q45,,,,,,,,,在去年(106年)之中，如果您的配偶有工作的話，全部的工作收入大約有多少?,
請問您是什麼時候辦退休的?退休年,AD16,,,,,,,,,請問您是什麼時候辦退休的?退休年,
請問您大概是在幾歲的時候辦退休的?,AD17,,,,,,,,,請問您希望自己在幾歲的時候退休?,
請問您退休前的工作是__行業,O63,,,,,,,,,請問您退休前的工作是__職業,
您自那份工作退休前，平均每個月的總收入有多少__元?,AD18,,,,,,,,,您自那份工作退休前，平均每個月的總收入大約有多少?,
您所領的月退休金，每月大約__元,AD19,,,,,,,,,您退休金若按月領取，每月__元,
在過去兩年(105，106年)之中，您是否曾經領取退休金?,AD20,,,,,,,,,在過去兩年(105，106年)之中，您是否曾經領取退休金?,
您退休金若按年領取，每年__元,AD21,,,,,,,,,您退休金若每年分數次，總共__元,
您配偶的退休金若按年領取，每年__元,AH01,,,,,,,,,您配偶的退休金若每年分數次，總共__元,
您配偶的退休金若先領一部份，然後再按月領取，去年共領__元,AH02,,,,,,,,,您配偶的退休金若先領一部份，然後再按月領取，去年共領__元,
請問您的配偶是什麼時候辦退休的?退休年,AH03,,,,,,,,,請問您的配偶是什麼時候辦退休的?退休月,
請問您的配偶大概是在幾歲的時候辦退休的?,AH04,,,,,,,,,請問您希望您的配偶在(他/她)幾歲的時候退休?,
請問您希望您的配偶在(他/她)__歲退休,AH05,,,,,,,,,請問您希望您的配偶在(他/她)__歲退休,
請問在您(與您配偶)目前的經濟來源中，最主要的是__,Q46,,,,,,,,,請問在您(與您配偶)目前的經濟來源中，其次是__,
在去年(106年)之中，您的家庭是否曾經得到政府的教育補助(含五歲幼兒學費補助)?,Q47,,,,,,,,,在去年(106年)之中，您的家庭是否曾經得到政府的教育補助(含五歲幼兒學費補助)?,
在過去一年裡，您(和您配偶)房屋貸款支出平均每月__元?,Q48,,,,,,,,,在過去一年裡，您(和您配偶)房屋貸款支出平均每月__元?,
在過去一年裡，您(和您配偶)保姆或幫傭(包括家事管理)支出平均每月__元?,Q49,,,,,,,,,在過去一年裡，您(和您配偶)保姆或幫傭(包括家事管理)支出平均每月__元?,
請問在和您的父母相處時，跟父母討論您個人的問題，您覺得自己做得好不好?,Q50,,,,,,,,,請問在和您的父母相處時，跟父母講您對他們的感覺，您覺得自己做得好不好?,
請問在和您的父母相處時，和父母維持親近的關係，您覺得自己做得好不好?,Q51,,,,,,,,,請問在和您的父母相處時，和父母維持親近的關係，您覺得自己做得好不好?,
請問您目前信什麼教?,V14,,,,,,,,,請問您目前信什麼教?,
請問您去年一年(民國106年)中有沒有在國內旅遊?,AC03,,,,,,,,,請問您去年一年(民國106年)中有沒有去國外旅遊?,
國內旅遊是不是和家人一同出遊(只要有一次就算)?,AC04,,,,,,,,,國外旅遊是不是和家人一同出遊(只要有一次就算)?,
請問您目前身體狀況會不會限制您走過一個街口?,D10,,,,,,,,,請問您目前身體狀況會不會限制您走過數個街口?,
請問您目前身體狀況會不會限制您爬一層樓樓梯?,D11,,,,,,,,,請問您目前身體狀況會不會限制您爬數層樓樓梯?,
請問您目前身體狀況會不會限制您中等程度活動?,D12,,,,,,,,,請問您目前身體狀況會不會限制您中等程度活動?,
請問您平常會不會跟您的配偶(同居伴侶)說您的心事或煩惱?,F06,,,,,,,,,請問您平常會不會跟您的配偶(同居伴侶)說您的心事或煩惱?,
B14af1資料回填年度,A13,,,,,,,,,B14am1資料回填年度,
B14bm1資料回填年度,A14,,,,,,,,,B14bm1資料回填年度,
B19bm2資料回填年度,A15,,,,,,,,,B19bm2資料回填年度,
